Nome varietà,"Tipo (Sativa, Indica, Ibrida, Ruderalis)",Genetica/Origine,THC (%),CBD (%),Effetti prevalenti,Aromi e sapori,Tempo fioritura (giorni),Altezza media (cm),Resa indoor (g/m²),Difficoltà coltivazione,Uso terapeutico,Note aggiuntive
White Widow,N/A,N/A,15,N/A,N/A,N/A,N/A,N/A,N/A,N/A,N/A,N/A
OG Kush,N/A,N/A,25,0,N/A,N/A,N/A,N/A,N/A,N/A,N/A,N/A
Blue Dream,N/A,N/A,21,0,N/A,N/A,N/A,N/A,N/A,N/A,N/A,N/A
Girl Scout Cookies,N/A,N/A,25,N/A,N/A,N/A,N/A,N/A,N/A,N/A,N/A,N/A
Northern Lights,N/A,N/A,18,N/A,N/A,N/A,N/A,N/A,N/A,N/A,N/A,N/A
Sour Diesel,N/A,N/A,19,0,N/A,N/A,N/A,N/A,N/A,N/A,N/A,N/A
Purple Haze,N/A,N/A,16,0,N/A,N/A,N/A,N/A,N/A,N/A,N/A,N/A
AK-47,N/A,N/A,19,0,N/A,N/A,N/A,N/A,N/A,N/A,N/A,N/A
Amnesia Haze,N/A,N/A,19,N/A,N/A,N/A,N/A,N/A,N/A,N/A,N/A,N/A
Jack Herer,N/A,N/A,18,N/A,N/A,N/A,N/A,N/A,N/A,N/A,N/A,N/A
Gorilla Glue,N/A,N/A,N/A,N/A,N/A,N/A,N/A,N/A,N/A,N/A,N/A,N/A
Trainwreck,N/A,N/A,17,N/A,N/A,N/A,N/A,N/A,N/A,N/A,N/A,N/A
Granddaddy Purple,N/A,N/A,17,0,N/A,N/A,N/A,N/A,N/A,N/A,N/A,N/A
Durban Poison,N/A,N/A,19,N/A,N/A,N/A,N/A,N/A,N/A,N/A,N/A,N/A
Wedding Cake,N/A,N/A,24,N/A,N/A,N/A,N/A,N/A,N/A,N/A,N/A,N/A
Bubba Kush,N/A,N/A,17,0,N/A,N/A,N/A,N/A,N/A,N/A,N/A,N/A
Green Crack,N/A,N/A,17,N/A,N/A,N/A,N/A,N/A,N/A,N/A,N/A,N/A
Pineapple Express,N/A,N/A,20,N/A,N/A,N/A,N/A,N/A,N/A,N/A,N/A,N/A
Super Lemon Haze,N/A,N/A,19,N/A,N/A,N/A,N/A,N/A,N/A,N/A,N/A,N/A
Skywalker OG,N/A,N/A,20,N/A,N/A,N/A,N/A,N/A,N/A,N/A,N/A,N/A
Bruce Banner,N/A,N/A,21,N/A,N/A,N/A,N/A,N/A,N/A,N/A,N/A,N/A
Afghan Kush,N/A,N/A,15,N/A,N/A,N/A,N/A,N/A,N/A,N/A,N/A,N/A
Hindu Kush,N/A,N/A,19,N/A,N/A,N/A,N/A,N/A,N/A,N/A,N/A,N/A
Cheese,N/A,N/A,18,0,N/A,N/A,N/A,N/A,N/A,N/A,N/A,N/A
Blueberry,N/A,N/A,17,N/A,N/A,N/A,N/A,N/A,N/A,N/A,N/A,N/A
Tangie,N/A,N/A,17,N/A,N/A,N/A,N/A,N/A,N/A,N/A,N/A,N/A
NYC Diesel,N/A,N/A,20,N/A,N/A,N/A,N/A,N/A,N/A,N/A,N/A,N/A
Strawberry Cough,N/A,N/A,19,N/A,N/A,N/A,N/A,N/A,N/A,N/A,N/A,N/A
Chocolope,N/A,N/A,22,N/A,N/A,N/A,N/A,N/A,N/A,N/A,N/A,N/A
Maui Wowie,N/A,N/A,19,0,N/A,N/A,N/A,N/A,N/A,N/A,N/A,N/A
LA Confidential,N/A,N/A,17,N/A,N/A,N/A,N/A,N/A,N/A,N/A,N/A,N/A
Headband,N/A,N/A,20,N/A,N/A,N/A,N/A,N/A,N/A,N/A,N/A,N/A
G13,N/A,N/A,N/A,N/A,N/A,N/A,N/A,N/A,N/A,N/A,N/A,N/A
Alaskan Thunder Fuck,N/A,N/A,16,0,N/A,N/A,N/A,N/A,N/A,N/A,N/A,N/A
Cherry Pie,N/A,N/A,16,N/A,N/A,N/A,N/A,N/A,N/A,N/A,N/A,N/A
Blackberry Kush,N/A,N/A,17,0,N/A,N/A,N/A,N/A,N/A,N/A,N/A,N/A
Chemdawg,N/A,N/A,18,N/A,N/A,N/A,N/A,N/A,N/A,N/A,N/A,N/A
Death Star,N/A,N/A,19,0,N/A,N/A,N/A,N/A,N/A,N/A,N/A,N/A
Golden Goat,N/A,N/A,20,N/A,N/A,N/A,N/A,N/A,N/A,N/A,N/A,N/A
Lemon Skunk,N/A,N/A,19,N/A,N/A,N/A,N/A,N/A,N/A,N/A,N/A,N/A
Mango Kush,N/A,N/A,21,N/A,N/A,N/A,N/A,N/A,N/A,N/A,N/A,N/A
Platinum OG,N/A,N/A,19,0,N/A,N/A,N/A,N/A,N/A,N/A,N/A,N/A
Purple Urkle,N/A,N/A,19,0,N/A,N/A,N/A,N/A,N/A,N/A,N/A,N/A
Super Silver Haze,N/A,N/A,21,N/A,N/A,N/A,N/A,N/A,N/A,N/A,N/A,N/A
White Fire OG,N/A,N/A,22,N/A,N/A,N/A,N/A,N/A,N/A,N/A,N/A,N/A
Blue Cheese,N/A,N/A,18,N/A,N/A,N/A,N/A,N/A,N/A,N/A,N/A,N/A
Dutch Treat,N/A,N/A,19,N/A,N/A,N/A,N/A,N/A,N/A,N/A,N/A,N/A
Gelato,N/A,N/A,21,0,N/A,N/A,N/A,N/A,N/A,N/A,N/A,N/A
Critical Mass,N/A,N/A,18,N/A,N/A,N/A,N/A,N/A,N/A,N/A,N/A,N/A
Phantom OG,N/A,N/A,18,0,N/A,N/A,N/A,N/A,N/A,N/A,N/A,N/A
Animal Cookies,N/A,N/A,19,N/A,N/A,N/A,N/A,N/A,N/A,N/A,N/A,N/A
Bio Diesel,N/A,N/A,19,0,N/A,N/A,N/A,N/A,N/A,N/A,N/A,N/A
Black Diamond,N/A,N/A,16,0,N/A,N/A,N/A,N/A,N/A,N/A,N/A,N/A
Candyland,N/A,N/A,19,N/A,N/A,N/A,N/A,N/A,N/A,N/A,N/A,N/A
Cinderella 99,N/A,N/A,18,N/A,N/A,N/A,N/A,N/A,N/A,N/A,N/A,N/A
Chem Dog,N/A,N/A,21,N/A,N/A,N/A,N/A,N/A,N/A,N/A,N/A,N/A
Fire OG,N/A,N/A,20,N/A,N/A,N/A,N/A,N/A,N/A,N/A,N/A,N/A
Hawaiian,N/A,N/A,24,N/A,N/A,N/A,N/A,N/A,N/A,N/A,N/A,N/A
Ice Cream,N/A,N/A,18,N/A,N/A,N/A,N/A,N/A,N/A,N/A,N/A,N/A
Jedi Kush,N/A,N/A,18,N/A,N/A,N/A,N/A,N/A,N/A,N/A,N/A,N/A
Kandy Kush,N/A,N/A,18,0,N/A,N/A,N/A,N/A,N/A,N/A,N/A,N/A
Lemon Diesel,N/A,N/A,17,0,N/A,N/A,N/A,N/A,N/A,N/A,N/A,N/A
Mazar,N/A,N/A,N/A,N/A,N/A,N/A,N/A,N/A,N/A,N/A,N/A,N/A
Nebula,N/A,N/A,22,N/A,N/A,N/A,N/A,N/A,N/A,N/A,N/A,N/A
Orange Crush,N/A,N/A,15,0.24,N/A,N/A,N/A,N/A,N/A,N/A,N/A,N/A
Platinum Cookies,N/A,N/A,N/A,N/A,N/A,N/A,N/A,N/A,N/A,N/A,N/A,N/A
Quantum Kush,N/A,N/A,20,N/A,N/A,N/A,N/A,N/A,N/A,N/A,N/A,N/A
Rock Star,N/A,N/A,N/A,N/A,N/A,N/A,N/A,N/A,N/A,N/A,N/A,N/A
Sweet Tooth,N/A,N/A,19,N/A,N/A,N/A,N/A,N/A,N/A,N/A,N/A,N/A
Tahoe OG,N/A,N/A,21,N/A,N/A,N/A,N/A,N/A,N/A,N/A,N/A,N/A
Ultra Sour,N/A,N/A,17,0,N/A,N/A,N/A,N/A,N/A,N/A,N/A,N/A
Vanilla Kush,N/A,N/A,19,N/A,N/A,N/A,N/A,N/A,N/A,N/A,N/A,N/A
White Rhino,N/A,N/A,21,N/A,N/A,N/A,N/A,N/A,N/A,N/A,N/A,N/A
XJ-13,N/A,N/A,20,N/A,N/A,N/A,N/A,N/A,N/A,N/A,N/A,N/A
Zkittlez,N/A,N/A,20,N/A,N/A,N/A,N/A,N/A,N/A,N/A,N/A,N/A
Agent Orange,N/A,N/A,17,N/A,N/A,N/A,N/A,N/A,N/A,N/A,N/A,N/A
Blue Mystic,N/A,N/A,15,N/A,N/A,N/A,N/A,N/A,N/A,N/A,N/A,N/A
Cotton Candy,N/A,N/A,N/A,N/A,N/A,N/A,N/A,N/A,N/A,N/A,N/A,N/A
Do-Si-Dos,N/A,N/A,20,N/A,N/A,N/A,N/A,N/A,N/A,N/A,N/A,N/A
Exodus Cheese,N/A,N/A,17,0,N/A,N/A,N/A,N/A,N/A,N/A,N/A,N/A
Forbidden Fruit,N/A,N/A,15,0,N/A,N/A,N/A,N/A,N/A,N/A,N/A,N/A
Grease Monkey,N/A,N/A,22,N/A,N/A,N/A,N/A,N/A,N/A,N/A,N/A,N/A
Haze Berry,N/A,N/A,18,N/A,N/A,N/A,N/A,N/A,N/A,N/A,N/A,N/A
Island Sweet Skunk,N/A,N/A,18,N/A,N/A,N/A,N/A,N/A,N/A,N/A,N/A,N/A
Jack Flash,N/A,N/A,17,0,N/A,N/A,N/A,N/A,N/A,N/A,N/A,N/A
Khalifa Kush,N/A,N/A,21,0,N/A,N/A,N/A,N/A,N/A,N/A,N/A,N/A
Lemon Haze,N/A,N/A,19,N/A,N/A,N/A,N/A,N/A,N/A,N/A,N/A,N/A
Mataro Blue,N/A,N/A,23,N/A,N/A,N/A,N/A,N/A,N/A,N/A,N/A,N/A
Nuken,N/A,N/A,26,N/A,N/A,N/A,N/A,N/A,N/A,N/A,N/A,N/A
Oregon Diesel,N/A,N/A,14,0,N/A,N/A,N/A,N/A,N/A,N/A,N/A,N/A
Pink Kush,N/A,N/A,19,N/A,N/A,N/A,N/A,N/A,N/A,N/A,N/A,N/A
Querkle,N/A,N/A,19,N/A,N/A,N/A,N/A,N/A,N/A,N/A,N/A,N/A
Red Dragon,N/A,N/A,17,N/A,N/A,N/A,N/A,N/A,N/A,N/A,N/A,N/A
Strawberry Banana,N/A,N/A,21,N/A,N/A,N/A,N/A,N/A,N/A,N/A,N/A,N/A
Sunset Sherbet,N/A,N/A,N/A,N/A,N/A,N/A,N/A,N/A,N/A,N/A,N/A,N/A
Thin Mint GSC,N/A,N/A,N/A,N/A,N/A,N/A,N/A,N/A,N/A,N/A,N/A,N/A
UK Cheese,N/A,N/A,20,N/A,N/A,N/A,N/A,N/A,N/A,N/A,N/A,N/A
Violator Kush,N/A,N/A,18,N/A,N/A,N/A,N/A,N/A,N/A,N/A,N/A,N/A
White Russian,N/A,N/A,21,N/A,N/A,N/A,N/A,N/A,N/A,N/A,N/A,N/A
XXX OG,N/A,N/A,21,0,N/A,N/A,N/A,N/A,N/A,N/A,N/A,N/A
Year 2000,N/A,N/A,N/A,N/A,N/A,N/A,N/A,N/A,N/A,N/A,N/A,N/A
Zombie Kush,N/A,N/A,13,0,N/A,N/A,N/A,N/A,N/A,N/A,N/A,N/A
Alien OG,N/A,N/A,19,0,N/A,N/A,N/A,N/A,N/A,N/A,N/A,N/A
Banana Kush,N/A,N/A,21,0,N/A,N/A,N/A,N/A,N/A,N/A,N/A,N/A
Casey Jones,N/A,N/A,17,0,N/A,N/A,N/A,N/A,N/A,N/A,N/A,N/A
Dairy Queen,N/A,N/A,16,N/A,N/A,N/A,N/A,N/A,N/A,N/A,N/A,N/A
Early Skunk,N/A,N/A,N/A,N/A,N/A,N/A,N/A,N/A,N/A,N/A,N/A,N/A
Fruit Punch,N/A,N/A,18,N/A,N/A,N/A,N/A,N/A,N/A,N/A,N/A,N/A
God's Gift,N/A,N/A,N/A,N/A,N/A,N/A,N/A,N/A,N/A,N/A,N/A,N/A
Hawaiian Snow,N/A,N/A,16,0,N/A,N/A,N/A,N/A,N/A,N/A,N/A,N/A
Ice Wreck,N/A,N/A,N/A,N/A,N/A,N/A,N/A,N/A,N/A,N/A,N/A,N/A
Juicy Fruit,N/A,N/A,18,N/A,N/A,N/A,N/A,N/A,N/A,N/A,N/A,N/A
King Louis XIII,N/A,N/A,N/A,N/A,N/A,N/A,N/A,N/A,N/A,N/A,N/A,N/A
Lavender,N/A,N/A,18,N/A,N/A,N/A,N/A,N/A,N/A,N/A,N/A,N/A
Mango Dream,N/A,N/A,18,0,N/A,N/A,N/A,N/A,N/A,N/A,N/A,N/A
Nine Pound Hammer,N/A,N/A,N/A,N/A,N/A,N/A,N/A,N/A,N/A,N/A,N/A,N/A
Obama Kush,N/A,N/A,19,0,N/A,N/A,N/A,N/A,N/A,N/A,N/A,N/A
Platinum Girl Scout Cookies,N/A,N/A,25,N/A,N/A,N/A,N/A,N/A,N/A,N/A,N/A,N/A
Quantum Kush,N/A,N/A,20,N/A,N/A,N/A,N/A,N/A,N/A,N/A,N/A,N/A
Rare Darkness,N/A,N/A,19,N/A,N/A,N/A,N/A,N/A,N/A,N/A,N/A,N/A
Space Queen,N/A,N/A,21,0,N/A,N/A,N/A,N/A,N/A,N/A,N/A,N/A
Trinity,N/A,N/A,20,N/A,N/A,N/A,N/A,N/A,N/A,N/A,N/A,N/A
UW Purple,N/A,N/A,N/A,N/A,N/A,N/A,N/A,N/A,N/A,N/A,N/A,N/A
Vanilla Kush,N/A,N/A,19,N/A,N/A,N/A,N/A,N/A,N/A,N/A,N/A,N/A
Willie Nelson,N/A,N/A,16,N/A,N/A,N/A,N/A,N/A,N/A,N/A,N/A,N/A
XJ-13,N/A,N/A,20,N/A,N/A,N/A,N/A,N/A,N/A,N/A,N/A,N/A
Yoda OG,N/A,N/A,21,0,N/A,N/A,N/A,N/A,N/A,N/A,N/A,N/A
Zeta,N/A,N/A,N/A,N/A,N/A,N/A,N/A,N/A,N/A,N/A,N/A,N/A
Acapulco Gold,N/A,N/A,18,N/A,N/A,N/A,N/A,N/A,N/A,N/A,N/A,N/A
Bubblegum,N/A,N/A,N/A,N/A,N/A,N/A,N/A,N/A,N/A,N/A,N/A,N/A
Chocolate Thai,N/A,N/A,16,0,N/A,N/A,N/A,N/A,N/A,N/A,N/A,N/A
Diesel,N/A,N/A,N/A,N/A,N/A,N/A,N/A,N/A,N/A,N/A,N/A,N/A
El Nino,N/A,N/A,19,0,N/A,N/A,N/A,N/A,N/A,N/A,N/A,N/A
Four Way,N/A,N/A,N/A,N/A,N/A,N/A,N/A,N/A,N/A,N/A,N/A,N/A
Grapefruit,N/A,N/A,19,0,N/A,N/A,N/A,N/A,N/A,N/A,N/A,N/A
Hurkle,N/A,N/A,4,7,N/A,N/A,N/A,N/A,N/A,N/A,N/A,N/A
Island Sweet Skunk,N/A,N/A,18,N/A,N/A,N/A,N/A,N/A,N/A,N/A,N/A,N/A
Juicy Fruit,N/A,N/A,18,N/A,N/A,N/A,N/A,N/A,N/A,N/A,N/A,N/A
Kosher Kush,N/A,N/A,21,N/A,N/A,N/A,N/A,N/A,N/A,N/A,N/A,N/A
LSD,N/A,N/A,18,N/A,N/A,N/A,N/A,N/A,N/A,N/A,N/A,N/A
Moby Dick,N/A,N/A,17,N/A,N/A,N/A,N/A,N/A,N/A,N/A,N/A,N/A
Northern Berry,N/A,N/A,N/A,N/A,N/A,N/A,N/A,N/A,N/A,N/A,N/A,N/A
Original Glue,N/A,N/A,20,0,N/A,N/A,N/A,N/A,N/A,N/A,N/A,N/A
Power Plant,N/A,N/A,15,0,N/A,N/A,N/A,N/A,N/A,N/A,N/A,N/A
Qrazy Train,N/A,N/A,16,N/A,N/A,N/A,N/A,N/A,N/A,N/A,N/A,N/A
Romulan,N/A,N/A,19,0,N/A,N/A,N/A,N/A,N/A,N/A,N/A,N/A
Skunk #1,N/A,N/A,N/A,N/A,N/A,N/A,N/A,N/A,N/A,N/A,N/A,N/A
Tangerine Dream,N/A,N/A,20,N/A,N/A,N/A,N/A,N/A,N/A,N/A,N/A,N/A
Ultimate Purple,N/A,N/A,18,0.08,N/A,N/A,N/A,N/A,N/A,N/A,N/A,N/A
Voodoo,N/A,N/A,17,0,N/A,N/A,N/A,N/A,N/A,N/A,N/A,N/A
White Cookies,N/A,N/A,22,N/A,N/A,N/A,N/A,N/A,N/A,N/A,N/A,N/A
X-files,N/A,N/A,N/A,N/A,N/A,N/A,N/A,N/A,N/A,N/A,N/A,N/A
Yumboldt,N/A,N/A,N/A,N/A,N/A,N/A,N/A,N/A,N/A,N/A,N/A,N/A
Zombie OG,N/A,N/A,19,0,N/A,N/A,N/A,N/A,N/A,N/A,N/A,N/A
Alien Dawg,N/A,N/A,16,0,N/A,N/A,N/A,N/A,N/A,N/A,N/A,N/A
Banana Spliff,N/A,N/A,N/A,N/A,N/A,N/A,N/A,N/A,N/A,N/A,N/A,N/A
Champagne Kush,N/A,N/A,14,0,N/A,N/A,N/A,N/A,N/A,N/A,N/A,N/A
Dairy Queen,N/A,N/A,16,N/A,N/A,N/A,N/A,N/A,N/A,N/A,N/A,N/A
Endless Sky,N/A,N/A,N/A,N/A,N/A,N/A,N/A,N/A,N/A,N/A,N/A,N/A
Fruit Spirit,N/A,N/A,N/A,N/A,N/A,N/A,N/A,N/A,N/A,N/A,N/A,N/A
Grape Ape,N/A,N/A,18,0,N/A,N/A,N/A,N/A,N/A,N/A,N/A,N/A
Hashberry,N/A,N/A,11,N/A,N/A,N/A,N/A,N/A,N/A,N/A,N/A,N/A
Ice Cream Cake,N/A,N/A,22,N/A,N/A,N/A,N/A,N/A,N/A,N/A,N/A,N/A
Jack The Ripper,N/A,N/A,17,N/A,N/A,N/A,N/A,N/A,N/A,N/A,N/A,N/A
Kali Mist,N/A,N/A,16,N/A,N/A,N/A,N/A,N/A,N/A,N/A,N/A,N/A
Lamb's Bread,N/A,N/A,N/A,N/A,N/A,N/A,N/A,N/A,N/A,N/A,N/A,N/A
MILF,N/A,N/A,N/A,N/A,N/A,N/A,N/A,N/A,N/A,N/A,N/A,N/A
Nebu-Kush,N/A,N/A,N/A,N/A,N/A,N/A,N/A,N/A,N/A,N/A,N/A,N/A
Orange Bud,N/A,N/A,N/A,N/A,N/A,N/A,N/A,N/A,N/A,N/A,N/A,N/A
Purple Chemdawg,N/A,N/A,N/A,N/A,N/A,N/A,N/A,N/A,N/A,N/A,N/A,N/A
Quantum Kush,N/A,N/A,20,N/A,N/A,N/A,N/A,N/A,N/A,N/A,N/A,N/A
Rockstar Kush,N/A,N/A,N/A,N/A,N/A,N/A,N/A,N/A,N/A,N/A,N/A,N/A
Sage N Sour,N/A,N/A,19,N/A,N/A,N/A,N/A,N/A,N/A,N/A,N/A,N/A
Triangle Kush,N/A,N/A,20,N/A,N/A,N/A,N/A,N/A,N/A,N/A,N/A,N/A
UK Cheese,N/A,N/A,20,N/A,N/A,N/A,N/A,N/A,N/A,N/A,N/A,N/A
Valley OG,N/A,N/A,24,0,N/A,N/A,N/A,N/A,N/A,N/A,N/A,N/A
White Fire Alien OG,N/A,N/A,23,N/A,N/A,N/A,N/A,N/A,N/A,N/A,N/A,N/A
XXX OG,N/A,N/A,21,0,N/A,N/A,N/A,N/A,N/A,N/A,N/A,N/A
Y Griega,N/A,N/A,20,N/A,N/A,N/A,N/A,N/A,N/A,N/A,N/A,N/A
Zelly's Gift,N/A,N/A,N/A,N/A,N/A,N/A,N/A,N/A,N/A,N/A,N/A,N/A
Afghani,N/A,N/A,18,0,N/A,N/A,N/A,N/A,N/A,N/A,N/A,N/A
Berry White,N/A,N/A,16,0,N/A,N/A,N/A,N/A,N/A,N/A,N/A,N/A
Critical Kush,N/A,N/A,18,N/A,N/A,N/A,N/A,N/A,N/A,N/A,N/A,N/A
Dream Queen,N/A,N/A,16,N/A,N/A,N/A,N/A,N/A,N/A,N/A,N/A,N/A
Early Girl,N/A,N/A,17,0,N/A,N/A,N/A,N/A,N/A,N/A,N/A,N/A
Flo,N/A,N/A,15,0,N/A,N/A,N/A,N/A,N/A,N/A,N/A,N/A
G-13 Haze,N/A,N/A,N/A,N/A,N/A,N/A,N/A,N/A,N/A,N/A,N/A,N/A
Hash Plant,N/A,N/A,19,0,N/A,N/A,N/A,N/A,N/A,N/A,N/A,N/A
Ice,N/A,N/A,16,N/A,N/A,N/A,N/A,N/A,N/A,N/A,N/A,N/A
J1,N/A,N/A,19,N/A,N/A,N/A,N/A,N/A,N/A,N/A,N/A,N/A
Kosher Tangie,N/A,N/A,21,N/A,N/A,N/A,N/A,N/A,N/A,N/A,N/A,N/A
LA Cheese,N/A,N/A,20,N/A,N/A,N/A,N/A,N/A,N/A,N/A,N/A,N/A
Malawi Gold,N/A,N/A,18,N/A,N/A,N/A,N/A,N/A,N/A,N/A,N/A,N/A
Night Nurse,N/A,N/A,16,0,N/A,N/A,N/A,N/A,N/A,N/A,N/A,N/A
OG Shark,N/A,N/A,N/A,N/A,N/A,N/A,N/A,N/A,N/A,N/A,N/A,N/A
Pre-98 Bubba Kush,N/A,N/A,15,0,N/A,N/A,N/A,N/A,N/A,N/A,N/A,N/A
Qleaner,N/A,N/A,17,N/A,N/A,N/A,N/A,N/A,N/A,N/A,N/A,N/A
Romulan Diesel,N/A,N/A,N/A,N/A,N/A,N/A,N/A,N/A,N/A,N/A,N/A,N/A
Snow Cap,N/A,N/A,N/A,N/A,N/A,N/A,N/A,N/A,N/A,N/A,N/A,N/A
The White,N/A,N/A,21,N/A,N/A,N/A,N/A,N/A,N/A,N/A,N/A,N/A
Ultra Sour,N/A,N/A,17,0,N/A,N/A,N/A,N/A,N/A,N/A,N/A,N/A
Vanilla Frosting,N/A,N/A,20,N/A,N/A,N/A,N/A,N/A,N/A,N/A,N/A,N/A
White Tahoe Cookies,N/A,N/A,20,N/A,N/A,N/A,N/A,N/A,N/A,N/A,N/A,N/A
XJ-13,N/A,N/A,20,N/A,N/A,N/A,N/A,N/A,N/A,N/A,N/A,N/A
Yellow Brick Road,N/A,N/A,N/A,N/A,N/A,N/A,N/A,N/A,N/A,N/A,N/A,N/A
Zkittlez OG,N/A,N/A,20,N/A,N/A,N/A,N/A,N/A,N/A,N/A,N/A,N/A
Alien Cookies,N/A,N/A,25,N/A,N/A,N/A,N/A,N/A,N/A,N/A,N/A,N/A
Banana OG,N/A,N/A,21,N/A,N/A,N/A,N/A,N/A,N/A,N/A,N/A,N/A
Chocolate Diesel,N/A,N/A,21,0,N/A,N/A,N/A,N/A,N/A,N/A,N/A,N/A
Dutch Treat Haze,N/A,N/A,21,N/A,N/A,N/A,N/A,N/A,N/A,N/A,N/A,N/A
Early Pearl,N/A,N/A,N/A,N/A,N/A,N/A,N/A,N/A,N/A,N/A,N/A,N/A
Frostbite,N/A,N/A,18,0,N/A,N/A,N/A,N/A,N/A,N/A,N/A,N/A
God Bud,N/A,N/A,15,N/A,N/A,N/A,N/A,N/A,N/A,N/A,N/A,N/A
Hawaiian Punch,N/A,N/A,18,N/A,N/A,N/A,N/A,N/A,N/A,N/A,N/A,N/A
Ice Queen,N/A,N/A,23,N/A,N/A,N/A,N/A,N/A,N/A,N/A,N/A,N/A
J1 Black,N/A,N/A,N/A,N/A,N/A,N/A,N/A,N/A,N/A,N/A,N/A,N/A
Kona Gold,N/A,N/A,17,N/A,N/A,N/A,N/A,N/A,N/A,N/A,N/A,N/A
Lemonhead,N/A,N/A,N/A,N/A,N/A,N/A,N/A,N/A,N/A,N/A,N/A,N/A
Mandarin Cookies,N/A,N/A,19,0,N/A,N/A,N/A,N/A,N/A,N/A,N/A,N/A
Nova OG,N/A,N/A,N/A,N/A,N/A,N/A,N/A,N/A,N/A,N/A,N/A,N/A
Orange Crush,N/A,N/A,15,0.24,N/A,N/A,N/A,N/A,N/A,N/A,N/A,N/A
Pure Power Plant,N/A,N/A,21,0,N/A,N/A,N/A,N/A,N/A,N/A,N/A,N/A
Qrazy Train,N/A,N/A,16,N/A,N/A,N/A,N/A,N/A,N/A,N/A,N/A,N/A
Royal Gorilla,N/A,N/A,21,N/A,N/A,N/A,N/A,N/A,N/A,N/A,N/A,N/A
Somango,N/A,N/A,20,N/A,N/A,N/A,N/A,N/A,N/A,N/A,N/A,N/A
Tropicana Cookies,N/A,N/A,16,N/A,N/A,N/A,N/A,N/A,N/A,N/A,N/A,N/A
Unicorn Poop,N/A,N/A,24,N/A,N/A,N/A,N/A,N/A,N/A,N/A,N/A,N/A
Venom OG,N/A,N/A,19,N/A,N/A,N/A,N/A,N/A,N/A,N/A,N/A,N/A
White Runtz,N/A,N/A,18,0,N/A,N/A,N/A,N/A,N/A,N/A,N/A,N/A
Ximenia,N/A,N/A,N/A,N/A,N/A,N/A,N/A,N/A,N/A,N/A,N/A,N/A
Yumboldt 47,N/A,N/A,N/A,N/A,N/A,N/A,N/A,N/A,N/A,N/A,N/A,N/A
Zookies,N/A,N/A,21,N/A,N/A,N/A,N/A,N/A,N/A,N/A,N/A,N/A
Silver Muffin,N/A,N/A,N/A,N/A,N/A,N/A,N/A,N/A,N/A,N/A,N/A,N/A
Thunder White Cookies,N/A,N/A,N/A,N/A,N/A,N/A,N/A,N/A,N/A,N/A,N/A,N/A
Northern Lights #21,N/A,N/A,N/A,N/A,N/A,N/A,N/A,N/A,N/A,N/A,N/A,N/A
XXX OG x Blue Cheese,N/A,N/A,N/A,N/A,N/A,N/A,N/A,N/A,N/A,N/A,N/A,N/A
Blackberry Kush x Nova OG,N/A,N/A,N/A,N/A,N/A,N/A,N/A,N/A,N/A,N/A,N/A,N/A
Berry White x Ice,N/A,N/A,N/A,N/A,N/A,N/A,N/A,N/A,N/A,N/A,N/A,N/A
Power Kush,N/A,N/A,18,N/A,N/A,N/A,N/A,N/A,N/A,N/A,N/A,N/A
Romulan x Willie Nelson,N/A,N/A,N/A,N/A,N/A,N/A,N/A,N/A,N/A,N/A,N/A,N/A
Brazilian Zkittlez,N/A,N/A,N/A,N/A,N/A,N/A,N/A,N/A,N/A,N/A,N/A,N/A
Cheese Qrazy Train,N/A,N/A,N/A,N/A,N/A,N/A,N/A,N/A,N/A,N/A,N/A,N/A
Ice Fruit,N/A,N/A,N/A,N/A,N/A,N/A,N/A,N/A,N/A,N/A,N/A,N/A
Dutch Treat Haze #20,N/A,N/A,N/A,N/A,N/A,N/A,N/A,N/A,N/A,N/A,N/A,N/A
Royal Space Queen,N/A,N/A,N/A,N/A,N/A,N/A,N/A,N/A,N/A,N/A,N/A,N/A
G-13 Haze x Yellow Brick Road,N/A,N/A,N/A,N/A,N/A,N/A,N/A,N/A,N/A,N/A,N/A,N/A
Ice Runtz,N/A,N/A,N/A,N/A,N/A,N/A,N/A,N/A,N/A,N/A,N/A,N/A
Honey Gelato,N/A,N/A,N/A,N/A,N/A,N/A,N/A,N/A,N/A,N/A,N/A,N/A
Nepalese Delight,N/A,N/A,N/A,N/A,N/A,N/A,N/A,N/A,N/A,N/A,N/A,N/A
Four Way x Diesel,N/A,N/A,N/A,N/A,N/A,N/A,N/A,N/A,N/A,N/A,N/A,N/A
Xtreme Berry,N/A,N/A,N/A,N/A,N/A,N/A,N/A,N/A,N/A,N/A,N/A,N/A
Night Nurse #10,N/A,N/A,N/A,N/A,N/A,N/A,N/A,N/A,N/A,N/A,N/A,N/A
Power Breath,N/A,N/A,N/A,N/A,N/A,N/A,N/A,N/A,N/A,N/A,N/A,N/A
Kenyan Punch,N/A,N/A,N/A,N/A,N/A,N/A,N/A,N/A,N/A,N/A,N/A,N/A
Electric Cake,N/A,N/A,N/A,N/A,N/A,N/A,N/A,N/A,N/A,N/A,N/A,N/A
Diesel Dream,N/A,N/A,N/A,N/A,N/A,N/A,N/A,N/A,N/A,N/A,N/A,N/A
Greek Haze,N/A,N/A,N/A,N/A,N/A,N/A,N/A,N/A,N/A,N/A,N/A,N/A
Nigerian OG,N/A,N/A,N/A,N/A,N/A,N/A,N/A,N/A,N/A,N/A,N/A,N/A
Dairy Queen #1,N/A,N/A,N/A,N/A,N/A,N/A,N/A,N/A,N/A,N/A,N/A,N/A
Mandarin Cookies x Dutch Treat,N/A,N/A,N/A,N/A,N/A,N/A,N/A,N/A,N/A,N/A,N/A,N/A
God Bud #93,N/A,N/A,N/A,N/A,N/A,N/A,N/A,N/A,N/A,N/A,N/A,N/A
Golden Cherry Pie,N/A,N/A,N/A,N/A,N/A,N/A,N/A,N/A,N/A,N/A,N/A,N/A
Panamanian Cheese,N/A,N/A,N/A,N/A,N/A,N/A,N/A,N/A,N/A,N/A,N/A,N/A
Crystal Cookies,N/A,N/A,N/A,N/A,N/A,N/A,N/A,N/A,N/A,N/A,N/A,N/A
Fire OG x Ice Fruit,N/A,N/A,N/A,N/A,N/A,N/A,N/A,N/A,N/A,N/A,N/A,N/A
Hawaiian Lights,N/A,N/A,N/A,N/A,N/A,N/A,N/A,N/A,N/A,N/A,N/A,N/A
Neon Fruit,N/A,N/A,N/A,N/A,N/A,N/A,N/A,N/A,N/A,N/A,N/A,N/A
Dairy Queen x Pink Kush,N/A,N/A,N/A,N/A,N/A,N/A,N/A,N/A,N/A,N/A,N/A,N/A
Red Dragon x Hawaiian,N/A,N/A,N/A,N/A,N/A,N/A,N/A,N/A,N/A,N/A,N/A,N/A
White Tahoe Cookies x Headband,N/A,N/A,N/A,N/A,N/A,N/A,N/A,N/A,N/A,N/A,N/A,N/A
Jack Flash #85,N/A,N/A,N/A,N/A,N/A,N/A,N/A,N/A,N/A,N/A,N/A,N/A
Chemdawg #67,N/A,N/A,N/A,N/A,N/A,N/A,N/A,N/A,N/A,N/A,N/A,N/A
Qrazy Train #53,N/A,N/A,N/A,N/A,N/A,N/A,N/A,N/A,N/A,N/A,N/A,N/A
Paradise Glue,N/A,N/A,N/A,N/A,N/A,N/A,N/A,N/A,N/A,N/A,N/A,N/A
Space Queen x Phantom OG,N/A,N/A,N/A,N/A,N/A,N/A,N/A,N/A,N/A,N/A,N/A,N/A
Mexican Delight,N/A,N/A,N/A,N/A,N/A,N/A,N/A,N/A,N/A,N/A,N/A,N/A
Vanilla Kush #79,N/A,N/A,N/A,N/A,N/A,N/A,N/A,N/A,N/A,N/A,N/A,N/A
Queen's Alien Dawg,N/A,N/A,N/A,N/A,N/A,N/A,N/A,N/A,N/A,N/A,N/A,N/A
Nepalese Express,N/A,N/A,N/A,N/A,N/A,N/A,N/A,N/A,N/A,N/A,N/A,N/A
Golden Dream,N/A,N/A,N/A,N/A,N/A,N/A,N/A,N/A,N/A,N/A,N/A,N/A
Violator Kush x Pineapple Express,N/A,N/A,N/A,N/A,N/A,N/A,N/A,N/A,N/A,N/A,N/A,N/A
Paradise Breath,N/A,N/A,N/A,N/A,N/A,N/A,N/A,N/A,N/A,N/A,N/A,N/A
Sweet Ultimate Purple,N/A,N/A,N/A,N/A,N/A,N/A,N/A,N/A,N/A,N/A,N/A,N/A
Crystal Sherbet,N/A,N/A,N/A,N/A,N/A,N/A,N/A,N/A,N/A,N/A,N/A,N/A
Diesel Zookies,N/A,N/A,N/A,N/A,N/A,N/A,N/A,N/A,N/A,N/A,N/A,N/A
Xtreme Cinderella 99,N/A,N/A,N/A,N/A,N/A,N/A,N/A,N/A,N/A,N/A,N/A,N/A
Lemon Cheese,N/A,N/A,N/A,N/A,N/A,N/A,N/A,N/A,N/A,N/A,N/A,N/A
Crystal Cheese,N/A,N/A,N/A,N/A,N/A,N/A,N/A,N/A,N/A,N/A,N/A,N/A
Diesel Breath,N/A,N/A,N/A,N/A,N/A,N/A,N/A,N/A,N/A,N/A,N/A,N/A
Lemon Gelato,N/A,N/A,18,N/A,N/A,N/A,N/A,N/A,N/A,N/A,N/A,N/A
Korean Express,N/A,N/A,N/A,N/A,N/A,N/A,N/A,N/A,N/A,N/A,N/A,N/A
Sour Lemon Skunk,N/A,N/A,N/A,N/A,N/A,N/A,N/A,N/A,N/A,N/A,N/A,N/A
Wedding Cake x Exodus Cheese,N/A,N/A,N/A,N/A,N/A,N/A,N/A,N/A,N/A,N/A,N/A,N/A
Neon Gelato,N/A,N/A,N/A,N/A,N/A,N/A,N/A,N/A,N/A,N/A,N/A,N/A
Fire Kush,N/A,N/A,N/A,N/A,N/A,N/A,N/A,N/A,N/A,N/A,N/A,N/A
Tropical Dream,N/A,N/A,N/A,N/A,N/A,N/A,N/A,N/A,N/A,N/A,N/A,N/A
Jack Herer #93,N/A,N/A,N/A,N/A,N/A,N/A,N/A,N/A,N/A,N/A,N/A,N/A
Caribbean Haze,N/A,N/A,N/A,N/A,N/A,N/A,N/A,N/A,N/A,N/A,N/A,N/A
Granddaddy Purple #55,N/A,N/A,N/A,N/A,N/A,N/A,N/A,N/A,N/A,N/A,N/A,N/A
Orange Crush #84,N/A,N/A,N/A,N/A,N/A,N/A,N/A,N/A,N/A,N/A,N/A,N/A
Jedi Kush x Super Silver Haze,N/A,N/A,N/A,N/A,N/A,N/A,N/A,N/A,N/A,N/A,N/A,N/A
Ultra Muffin,N/A,N/A,N/A,N/A,N/A,N/A,N/A,N/A,N/A,N/A,N/A,N/A
J1 Black x White Widow,N/A,N/A,N/A,N/A,N/A,N/A,N/A,N/A,N/A,N/A,N/A,N/A
Electric Lemon Haze,N/A,N/A,N/A,N/A,N/A,N/A,N/A,N/A,N/A,N/A,N/A,N/A
God Bud #93 #47,N/A,N/A,N/A,N/A,N/A,N/A,N/A,N/A,N/A,N/A,N/A,N/A
Violator Kush x Pineapple Express x Northern Lights,N/A,N/A,N/A,N/A,N/A,N/A,N/A,N/A,N/A,N/A,N/A,N/A
Golden Diesel,N/A,N/A,N/A,N/A,N/A,N/A,N/A,N/A,N/A,N/A,N/A,N/A
Super Muffin,N/A,N/A,N/A,N/A,N/A,N/A,N/A,N/A,N/A,N/A,N/A,N/A
Granddaddy Purple x Kona Gold,N/A,N/A,N/A,N/A,N/A,N/A,N/A,N/A,N/A,N/A,N/A,N/A
Neon Honey Gelato,N/A,N/A,N/A,N/A,N/A,N/A,N/A,N/A,N/A,N/A,N/A,N/A
Sweet Diesel,N/A,N/A,16,N/A,N/A,N/A,N/A,N/A,N/A,N/A,N/A,N/A
NYC Diesel x God Bud #93,N/A,N/A,N/A,N/A,N/A,N/A,N/A,N/A,N/A,N/A,N/A,N/A
Kenyan Muffin,N/A,N/A,N/A,N/A,N/A,N/A,N/A,N/A,N/A,N/A,N/A,N/A
Cosmic Alien Cookies,N/A,N/A,N/A,N/A,N/A,N/A,N/A,N/A,N/A,N/A,N/A,N/A
Ice Queen #96,N/A,N/A,N/A,N/A,N/A,N/A,N/A,N/A,N/A,N/A,N/A,N/A
Moroccan Widow,N/A,N/A,N/A,N/A,N/A,N/A,N/A,N/A,N/A,N/A,N/A,N/A
Queen's Cake,N/A,N/A,N/A,N/A,N/A,N/A,N/A,N/A,N/A,N/A,N/A,N/A
Thunder White Cookies #30,N/A,N/A,N/A,N/A,N/A,N/A,N/A,N/A,N/A,N/A,N/A,N/A
Platinum Pie,N/A,N/A,N/A,N/A,N/A,N/A,N/A,N/A,N/A,N/A,N/A,N/A
Orange Platinum Cookies,N/A,N/A,N/A,N/A,N/A,N/A,N/A,N/A,N/A,N/A,N/A,N/A
Thai Zkittlez,N/A,N/A,N/A,N/A,N/A,N/A,N/A,N/A,N/A,N/A,N/A,N/A
Paradise Glue #68,N/A,N/A,N/A,N/A,N/A,N/A,N/A,N/A,N/A,N/A,N/A,N/A
Grapefruit x Violator Kush x Pineapple Express,N/A,N/A,N/A,N/A,N/A,N/A,N/A,N/A,N/A,N/A,N/A,N/A
Purple Chemdawg x God Bud,N/A,N/A,N/A,N/A,N/A,N/A,N/A,N/A,N/A,N/A,N/A,N/A
Himalayan Zkittlez,N/A,N/A,N/A,N/A,N/A,N/A,N/A,N/A,N/A,N/A,N/A,N/A
Orange Crush #84 #41,N/A,N/A,N/A,N/A,N/A,N/A,N/A,N/A,N/A,N/A,N/A,N/A
Frosted Red Dragon,N/A,N/A,N/A,N/A,N/A,N/A,N/A,N/A,N/A,N/A,N/A,N/A
Berry White x Banana Kush,N/A,N/A,N/A,N/A,N/A,N/A,N/A,N/A,N/A,N/A,N/A,N/A
Tropical Glue,N/A,N/A,N/A,N/A,N/A,N/A,N/A,N/A,N/A,N/A,N/A,N/A
Queen's Express,N/A,N/A,N/A,N/A,N/A,N/A,N/A,N/A,N/A,N/A,N/A,N/A
Diamond Lights,N/A,N/A,N/A,N/A,N/A,N/A,N/A,N/A,N/A,N/A,N/A,N/A
Hawaiian Snow #26,N/A,N/A,N/A,N/A,N/A,N/A,N/A,N/A,N/A,N/A,N/A,N/A
Sweet Cosmic Alien Cookies,N/A,N/A,N/A,N/A,N/A,N/A,N/A,N/A,N/A,N/A,N/A,N/A
Endless Sky #60,N/A,N/A,N/A,N/A,N/A,N/A,N/A,N/A,N/A,N/A,N/A,N/A
Indian Glue,N/A,N/A,N/A,N/A,N/A,N/A,N/A,N/A,N/A,N/A,N/A,N/A
OG Kush #23,N/A,N/A,N/A,N/A,N/A,N/A,N/A,N/A,N/A,N/A,N/A,N/A
Galaxy Cream,N/A,N/A,N/A,N/A,N/A,N/A,N/A,N/A,N/A,N/A,N/A,N/A
Cuban Fuel,N/A,N/A,N/A,N/A,N/A,N/A,N/A,N/A,N/A,N/A,N/A,N/A
Red Dragon x Golden Diesel,N/A,N/A,N/A,N/A,N/A,N/A,N/A,N/A,N/A,N/A,N/A,N/A
J1 Black #94,N/A,N/A,N/A,N/A,N/A,N/A,N/A,N/A,N/A,N/A,N/A,N/A
Ice Wreck x Berry White x Banana Kush,N/A,N/A,N/A,N/A,N/A,N/A,N/A,N/A,N/A,N/A,N/A,N/A
J1 Black #94 x Qrazy Train,N/A,N/A,N/A,N/A,N/A,N/A,N/A,N/A,N/A,N/A,N/A,N/A
Qrazy Train x White Runtz,N/A,N/A,N/A,N/A,N/A,N/A,N/A,N/A,N/A,N/A,N/A,N/A
Power Orange Bud,N/A,N/A,N/A,N/A,N/A,N/A,N/A,N/A,N/A,N/A,N/A,N/A
Snow Cap x Tahoe OG,N/A,N/A,N/A,N/A,N/A,N/A,N/A,N/A,N/A,N/A,N/A,N/A
Fire Violator Kush x Pineapple Express,N/A,N/A,N/A,N/A,N/A,N/A,N/A,N/A,N/A,N/A,N/A,N/A
Diesel Lights,N/A,N/A,N/A,N/A,N/A,N/A,N/A,N/A,N/A,N/A,N/A,N/A
Diamond Fire Kush,N/A,N/A,N/A,N/A,N/A,N/A,N/A,N/A,N/A,N/A,N/A,N/A
Skunk Diesel Lights,N/A,N/A,N/A,N/A,N/A,N/A,N/A,N/A,N/A,N/A,N/A,N/A
Thai Zkittlez x Orange Crush #84 #41,N/A,N/A,N/A,N/A,N/A,N/A,N/A,N/A,N/A,N/A,N/A,N/A
Ximenia x Zombie OG,N/A,N/A,N/A,N/A,N/A,N/A,N/A,N/A,N/A,N/A,N/A,N/A
Queen's Korean Express,N/A,N/A,N/A,N/A,N/A,N/A,N/A,N/A,N/A,N/A,N/A,N/A
Cheese Cookies,N/A,N/A,N/A,N/A,N/A,N/A,N/A,N/A,N/A,N/A,N/A,N/A
Ocean Vanilla Kush,N/A,N/A,N/A,N/A,N/A,N/A,N/A,N/A,N/A,N/A,N/A,N/A
Mango Dream #63,N/A,N/A,N/A,N/A,N/A,N/A,N/A,N/A,N/A,N/A,N/A,N/A
Tropical Glue #61,N/A,N/A,N/A,N/A,N/A,N/A,N/A,N/A,N/A,N/A,N/A,N/A
Electric Pre-98 Bubba Kush,N/A,N/A,N/A,N/A,N/A,N/A,N/A,N/A,N/A,N/A,N/A,N/A
Paradise Northern Lights #21,N/A,N/A,N/A,N/A,N/A,N/A,N/A,N/A,N/A,N/A,N/A,N/A
Grapefruit x Sweet Ultimate Purple,N/A,N/A,N/A,N/A,N/A,N/A,N/A,N/A,N/A,N/A,N/A,N/A
Candyland #51,N/A,N/A,N/A,N/A,N/A,N/A,N/A,N/A,N/A,N/A,N/A,N/A
Diesel Mandarin Cookies x Dutch Treat,N/A,N/A,N/A,N/A,N/A,N/A,N/A,N/A,N/A,N/A,N/A,N/A
Thunder Delight,N/A,N/A,N/A,N/A,N/A,N/A,N/A,N/A,N/A,N/A,N/A,N/A
Cinderella 99 x Diamond Lights,N/A,N/A,N/A,N/A,N/A,N/A,N/A,N/A,N/A,N/A,N/A,N/A
Neon Dream,N/A,N/A,N/A,N/A,N/A,N/A,N/A,N/A,N/A,N/A,N/A,N/A
Ice Dream,N/A,N/A,N/A,N/A,N/A,N/A,N/A,N/A,N/A,N/A,N/A,N/A
Thunder Sherbet,N/A,N/A,N/A,N/A,N/A,N/A,N/A,N/A,N/A,N/A,N/A,N/A
Purple Fruit,N/A,N/A,N/A,N/A,N/A,N/A,N/A,N/A,N/A,N/A,N/A,N/A
White Tahoe Cookies x Headband x Dairy Queen x Pink Kush,N/A,N/A,N/A,N/A,N/A,N/A,N/A,N/A,N/A,N/A,N/A,N/A
Skunk Dream,N/A,N/A,N/A,N/A,N/A,N/A,N/A,N/A,N/A,N/A,N/A,N/A
White Tahoe Cookies x Unicorn Poop,N/A,N/A,N/A,N/A,N/A,N/A,N/A,N/A,N/A,N/A,N/A,N/A
Frosted Widow,N/A,N/A,N/A,N/A,N/A,N/A,N/A,N/A,N/A,N/A,N/A,N/A
Blackberry Kush x Nova OG #59,N/A,N/A,N/A,N/A,N/A,N/A,N/A,N/A,N/A,N/A,N/A,N/A
Platinum Fuel,N/A,N/A,N/A,N/A,N/A,N/A,N/A,N/A,N/A,N/A,N/A,N/A
Lavender x Thunder Delight,N/A,N/A,N/A,N/A,N/A,N/A,N/A,N/A,N/A,N/A,N/A,N/A
Brazilian Zkittlez x Afghan Kush,N/A,N/A,N/A,N/A,N/A,N/A,N/A,N/A,N/A,N/A,N/A,N/A
Dream Acapulco Gold,N/A,N/A,N/A,N/A,N/A,N/A,N/A,N/A,N/A,N/A,N/A,N/A
Romulan Diesel #18,N/A,N/A,N/A,N/A,N/A,N/A,N/A,N/A,N/A,N/A,N/A,N/A
Granddaddy Purple #55 x White Tahoe Cookies x Unicorn Poop,N/A,N/A,N/A,N/A,N/A,N/A,N/A,N/A,N/A,N/A,N/A,N/A
Japanese Haze,N/A,N/A,N/A,N/A,N/A,N/A,N/A,N/A,N/A,N/A,N/A,N/A
Purple Ice Wreck x Berry White x Banana Kush,N/A,N/A,N/A,N/A,N/A,N/A,N/A,N/A,N/A,N/A,N/A,N/A
Power Kush x Platinum Cookies,N/A,N/A,N/A,N/A,N/A,N/A,N/A,N/A,N/A,N/A,N/A,N/A
Orange Cream,N/A,N/A,19,N/A,N/A,N/A,N/A,N/A,N/A,N/A,N/A,N/A
Tropical Qrazy Train #53,N/A,N/A,N/A,N/A,N/A,N/A,N/A,N/A,N/A,N/A,N/A,N/A
Qrazy Train x Golden Cherry Pie,N/A,N/A,N/A,N/A,N/A,N/A,N/A,N/A,N/A,N/A,N/A,N/A
Thin Mint GSC #16,N/A,N/A,N/A,N/A,N/A,N/A,N/A,N/A,N/A,N/A,N/A,N/A
Ocean Glue,N/A,N/A,N/A,N/A,N/A,N/A,N/A,N/A,N/A,N/A,N/A,N/A
Wild Blueberry,N/A,N/A,N/A,N/A,N/A,N/A,N/A,N/A,N/A,N/A,N/A,N/A
Xtreme Frost,N/A,N/A,N/A,N/A,N/A,N/A,N/A,N/A,N/A,N/A,N/A,N/A
Queen's Kush,N/A,N/A,N/A,N/A,N/A,N/A,N/A,N/A,N/A,N/A,N/A,N/A
Obama Kush x Orange Platinum Cookies,N/A,N/A,N/A,N/A,N/A,N/A,N/A,N/A,N/A,N/A,N/A,N/A
Platinum Diamond Fire Kush,N/A,N/A,N/A,N/A,N/A,N/A,N/A,N/A,N/A,N/A,N/A,N/A
Red Dragon x Thin Mint GSC,N/A,N/A,N/A,N/A,N/A,N/A,N/A,N/A,N/A,N/A,N/A,N/A
Xtreme Nigerian OG,N/A,N/A,N/A,N/A,N/A,N/A,N/A,N/A,N/A,N/A,N/A,N/A
Orange Crush #84 #41 #77,N/A,N/A,N/A,N/A,N/A,N/A,N/A,N/A,N/A,N/A,N/A,N/A
Acapulco Fruit,N/A,N/A,N/A,N/A,N/A,N/A,N/A,N/A,N/A,N/A,N/A,N/A
Ice x Power Kush,N/A,N/A,N/A,N/A,N/A,N/A,N/A,N/A,N/A,N/A,N/A,N/A
Wild Pie,N/A,N/A,N/A,N/A,N/A,N/A,N/A,N/A,N/A,N/A,N/A,N/A
Ocean Panamanian Cheese,N/A,N/A,N/A,N/A,N/A,N/A,N/A,N/A,N/A,N/A,N/A,N/A
Exodus Cheese x Willie Nelson,N/A,N/A,N/A,N/A,N/A,N/A,N/A,N/A,N/A,N/A,N/A,N/A
Colorado Cheese,N/A,N/A,N/A,N/A,N/A,N/A,N/A,N/A,N/A,N/A,N/A,N/A
Four Way x Diesel x Pure Power Plant,N/A,N/A,N/A,N/A,N/A,N/A,N/A,N/A,N/A,N/A,N/A,N/A
Indonesian Bomb,N/A,N/A,N/A,N/A,N/A,N/A,N/A,N/A,N/A,N/A,N/A,N/A
Ultra Sour x Wedding Cake,N/A,N/A,N/A,N/A,N/A,N/A,N/A,N/A,N/A,N/A,N/A,N/A
Fire Ice Queen #96,N/A,N/A,N/A,N/A,N/A,N/A,N/A,N/A,N/A,N/A,N/A,N/A
Colorado Gelato,N/A,N/A,N/A,N/A,N/A,N/A,N/A,N/A,N/A,N/A,N/A,N/A
Orange Cheese,N/A,N/A,N/A,N/A,N/A,N/A,N/A,N/A,N/A,N/A,N/A,N/A
Ocean Express,N/A,N/A,N/A,N/A,N/A,N/A,N/A,N/A,N/A,N/A,N/A,N/A
Electric Cotton Candy,N/A,N/A,N/A,N/A,N/A,N/A,N/A,N/A,N/A,N/A,N/A,N/A
Zeta #7,N/A,N/A,N/A,N/A,N/A,N/A,N/A,N/A,N/A,N/A,N/A,N/A
Cosmic Cuban Fuel,N/A,N/A,N/A,N/A,N/A,N/A,N/A,N/A,N/A,N/A,N/A,N/A
Ocean Vanilla Kush #79,N/A,N/A,N/A,N/A,N/A,N/A,N/A,N/A,N/A,N/A,N/A,N/A
Frosted Glue,N/A,N/A,N/A,N/A,N/A,N/A,N/A,N/A,N/A,N/A,N/A,N/A
White Tahoe Cookies x Unicorn Poop x King Louis XIII,N/A,N/A,N/A,N/A,N/A,N/A,N/A,N/A,N/A,N/A,N/A,N/A
Caribbean Haze x Ximenia,N/A,N/A,N/A,N/A,N/A,N/A,N/A,N/A,N/A,N/A,N/A,N/A
Colorado Runtz,N/A,N/A,N/A,N/A,N/A,N/A,N/A,N/A,N/A,N/A,N/A,N/A
Rare Darkness #3,N/A,N/A,N/A,N/A,N/A,N/A,N/A,N/A,N/A,N/A,N/A,N/A
Diesel Mandarin Cookies x Dutch Treat #8,N/A,N/A,N/A,N/A,N/A,N/A,N/A,N/A,N/A,N/A,N/A,N/A
Sweet XJ-13,N/A,N/A,N/A,N/A,N/A,N/A,N/A,N/A,N/A,N/A,N/A,N/A
X-files x Diamond Lights,N/A,N/A,N/A,N/A,N/A,N/A,N/A,N/A,N/A,N/A,N/A,N/A
Royal Gorilla #37,N/A,N/A,N/A,N/A,N/A,N/A,N/A,N/A,N/A,N/A,N/A,N/A
Neon Muffin,N/A,N/A,N/A,N/A,N/A,N/A,N/A,N/A,N/A,N/A,N/A,N/A
Fire Cheese,N/A,N/A,N/A,N/A,N/A,N/A,N/A,N/A,N/A,N/A,N/A,N/A
Lavender x Thunder Delight x Bubblegum,N/A,N/A,N/A,N/A,N/A,N/A,N/A,N/A,N/A,N/A,N/A,N/A
Diamond Yoda OG,N/A,N/A,N/A,N/A,N/A,N/A,N/A,N/A,N/A,N/A,N/A,N/A
Ice Candy,N/A,N/A,N/A,N/A,N/A,N/A,N/A,N/A,N/A,N/A,N/A,N/A
Year 2000 x The White,N/A,N/A,N/A,N/A,N/A,N/A,N/A,N/A,N/A,N/A,N/A,N/A
Malawian Frost,N/A,N/A,N/A,N/A,N/A,N/A,N/A,N/A,N/A,N/A,N/A,N/A
Fire Fruit,N/A,N/A,N/A,N/A,N/A,N/A,N/A,N/A,N/A,N/A,N/A,N/A
Silver Electric Cotton Candy,N/A,N/A,N/A,N/A,N/A,N/A,N/A,N/A,N/A,N/A,N/A,N/A
Colorado Sherbet,N/A,N/A,N/A,N/A,N/A,N/A,N/A,N/A,N/A,N/A,N/A,N/A
Malawian Fruit,N/A,N/A,N/A,N/A,N/A,N/A,N/A,N/A,N/A,N/A,N/A,N/A
Chem Dog x Ocean Express,N/A,N/A,N/A,N/A,N/A,N/A,N/A,N/A,N/A,N/A,N/A,N/A
Violator Kush x Lemon Skunk,N/A,N/A,N/A,N/A,N/A,N/A,N/A,N/A,N/A,N/A,N/A,N/A
Cheese Gelato,N/A,N/A,N/A,N/A,N/A,N/A,N/A,N/A,N/A,N/A,N/A,N/A
Thunder Kenyan Muffin,N/A,N/A,N/A,N/A,N/A,N/A,N/A,N/A,N/A,N/A,N/A,N/A
Tropical Queen's Express,N/A,N/A,N/A,N/A,N/A,N/A,N/A,N/A,N/A,N/A,N/A,N/A
Cheese Sweet XJ-13,N/A,N/A,N/A,N/A,N/A,N/A,N/A,N/A,N/A,N/A,N/A,N/A
Cheese Cheese,N/A,N/A,N/A,N/A,N/A,N/A,N/A,N/A,N/A,N/A,N/A,N/A
LA Cheese x Lamb's Bread,N/A,N/A,N/A,N/A,N/A,N/A,N/A,N/A,N/A,N/A,N/A,N/A
Frostbite x Cosmic Cuban Fuel,N/A,N/A,N/A,N/A,N/A,N/A,N/A,N/A,N/A,N/A,N/A,N/A
Panamanian Dream,N/A,N/A,N/A,N/A,N/A,N/A,N/A,N/A,N/A,N/A,N/A,N/A
Champagne Kush x Crystal Cheese,N/A,N/A,N/A,N/A,N/A,N/A,N/A,N/A,N/A,N/A,N/A,N/A
Cheese Cream,N/A,N/A,N/A,N/A,N/A,N/A,N/A,N/A,N/A,N/A,N/A,N/A
Tropical Nine Pound Hammer,N/A,N/A,N/A,N/A,N/A,N/A,N/A,N/A,N/A,N/A,N/A,N/A
Purple Tangerine Dream,N/A,N/A,N/A,N/A,N/A,N/A,N/A,N/A,N/A,N/A,N/A,N/A
Nuken x Berry White,N/A,N/A,N/A,N/A,N/A,N/A,N/A,N/A,N/A,N/A,N/A,N/A
Dairy Queen #1 x Flo,N/A,N/A,N/A,N/A,N/A,N/A,N/A,N/A,N/A,N/A,N/A,N/A
OG Kush #23 x Northern Lights,N/A,N/A,N/A,N/A,N/A,N/A,N/A,N/A,N/A,N/A,N/A,N/A
Lavender x Thunder Delight x Lavender x Thunder Delight x Bubblegum,N/A,N/A,N/A,N/A,N/A,N/A,N/A,N/A,N/A,N/A,N/A,N/A
Queen's Glue,N/A,N/A,N/A,N/A,N/A,N/A,N/A,N/A,N/A,N/A,N/A,N/A
Caribbean Haze x Ximenia x Kosher Tangie,N/A,N/A,N/A,N/A,N/A,N/A,N/A,N/A,N/A,N/A,N/A,N/A
Sweet Kush,N/A,N/A,17,0,N/A,N/A,N/A,N/A,N/A,N/A,N/A,N/A
Neon Cookies,N/A,N/A,N/A,N/A,N/A,N/A,N/A,N/A,N/A,N/A,N/A,N/A
White Runtz x Power Kush,N/A,N/A,N/A,N/A,N/A,N/A,N/A,N/A,N/A,N/A,N/A,N/A
Cosmic Cheese Cookies,N/A,N/A,N/A,N/A,N/A,N/A,N/A,N/A,N/A,N/A,N/A,N/A
Alaskan Bomb,N/A,N/A,N/A,N/A,N/A,N/A,N/A,N/A,N/A,N/A,N/A,N/A
Power Breath #3,N/A,N/A,N/A,N/A,N/A,N/A,N/A,N/A,N/A,N/A,N/A,N/A
Platinum Paradise Glue,N/A,N/A,N/A,N/A,N/A,N/A,N/A,N/A,N/A,N/A,N/A,N/A
White Tahoe Cookies x Headband x Dairy Queen x Pink Kush x Blueberry,N/A,N/A,N/A,N/A,N/A,N/A,N/A,N/A,N/A,N/A,N/A,N/A
Super Lemon Haze #4,N/A,N/A,N/A,N/A,N/A,N/A,N/A,N/A,N/A,N/A,N/A,N/A
Thunder Fuel,N/A,N/A,N/A,N/A,N/A,N/A,N/A,N/A,N/A,N/A,N/A,N/A
Exodus Cheese x Champagne Kush,N/A,N/A,N/A,N/A,N/A,N/A,N/A,N/A,N/A,N/A,N/A,N/A
Pakistani Breath,N/A,N/A,N/A,N/A,N/A,N/A,N/A,N/A,N/A,N/A,N/A,N/A
Kenyan Lights,N/A,N/A,N/A,N/A,N/A,N/A,N/A,N/A,N/A,N/A,N/A,N/A
Ultra Lights,N/A,N/A,N/A,N/A,N/A,N/A,N/A,N/A,N/A,N/A,N/A,N/A
Cheese Cream x God Bud #93,N/A,N/A,N/A,N/A,N/A,N/A,N/A,N/A,N/A,N/A,N/A,N/A
Fire Cheese x White Fire Alien OG,N/A,N/A,N/A,N/A,N/A,N/A,N/A,N/A,N/A,N/A,N/A,N/A
Lemon Alien Cookies,N/A,N/A,N/A,N/A,N/A,N/A,N/A,N/A,N/A,N/A,N/A,N/A
Honey Mints,N/A,N/A,N/A,N/A,N/A,N/A,N/A,N/A,N/A,N/A,N/A,N/A
Ice Fuel,N/A,N/A,N/A,N/A,N/A,N/A,N/A,N/A,N/A,N/A,N/A,N/A
Frosted Queen's Korean Express,N/A,N/A,N/A,N/A,N/A,N/A,N/A,N/A,N/A,N/A,N/A,N/A
Cosmic Queen's Alien Dawg,N/A,N/A,N/A,N/A,N/A,N/A,N/A,N/A,N/A,N/A,N/A,N/A
Royal Fuel,N/A,N/A,N/A,N/A,N/A,N/A,N/A,N/A,N/A,N/A,N/A,N/A
Platinum Cookies x Kosher Tangie,N/A,N/A,N/A,N/A,N/A,N/A,N/A,N/A,N/A,N/A,N/A,N/A
Wild Cosmic Queen's Alien Dawg,N/A,N/A,N/A,N/A,N/A,N/A,N/A,N/A,N/A,N/A,N/A,N/A
Candyland x Exodus Cheese x Willie Nelson,N/A,N/A,N/A,N/A,N/A,N/A,N/A,N/A,N/A,N/A,N/A,N/A
Dream XXX OG,N/A,N/A,N/A,N/A,N/A,N/A,N/A,N/A,N/A,N/A,N/A,N/A
Ultra Muffin #37,N/A,N/A,N/A,N/A,N/A,N/A,N/A,N/A,N/A,N/A,N/A,N/A
Moroccan Widow x XXX OG x Blue Cheese,N/A,N/A,N/A,N/A,N/A,N/A,N/A,N/A,N/A,N/A,N/A,N/A
Power Lights,N/A,N/A,N/A,N/A,N/A,N/A,N/A,N/A,N/A,N/A,N/A,N/A
Royal Express,N/A,N/A,N/A,N/A,N/A,N/A,N/A,N/A,N/A,N/A,N/A,N/A
Lemon White Fire Alien OG,N/A,N/A,N/A,N/A,N/A,N/A,N/A,N/A,N/A,N/A,N/A,N/A
Indian Express,N/A,N/A,N/A,N/A,N/A,N/A,N/A,N/A,N/A,N/A,N/A,N/A
Purple Candy,N/A,N/A,19,0,N/A,N/A,N/A,N/A,N/A,N/A,N/A,N/A
Banana Spliff #18,N/A,N/A,N/A,N/A,N/A,N/A,N/A,N/A,N/A,N/A,N/A,N/A
French Fuel,N/A,N/A,N/A,N/A,N/A,N/A,N/A,N/A,N/A,N/A,N/A,N/A
Electric Lemon Haze #73,N/A,N/A,N/A,N/A,N/A,N/A,N/A,N/A,N/A,N/A,N/A,N/A
Wild Widow,N/A,N/A,N/A,N/A,N/A,N/A,N/A,N/A,N/A,N/A,N/A,N/A
Snow Cap x Tahoe OG #16,N/A,N/A,N/A,N/A,N/A,N/A,N/A,N/A,N/A,N/A,N/A,N/A
Ice Delight,N/A,N/A,N/A,N/A,N/A,N/A,N/A,N/A,N/A,N/A,N/A,N/A
Critical Mass #13,N/A,N/A,N/A,N/A,N/A,N/A,N/A,N/A,N/A,N/A,N/A,N/A
Silver Glue,N/A,N/A,N/A,N/A,N/A,N/A,N/A,N/A,N/A,N/A,N/A,N/A
Diesel Mandarin Cookies x Dutch Treat x Tropical Glue #61,N/A,N/A,N/A,N/A,N/A,N/A,N/A,N/A,N/A,N/A,N/A,N/A
Electric Pre-98 Bubba Kush x Orange Cream,N/A,N/A,N/A,N/A,N/A,N/A,N/A,N/A,N/A,N/A,N/A,N/A
Chem Dog x Alien OG,N/A,N/A,N/A,N/A,N/A,N/A,N/A,N/A,N/A,N/A,N/A,N/A
Moby Dick x Lemon Skunk,N/A,N/A,N/A,N/A,N/A,N/A,N/A,N/A,N/A,N/A,N/A,N/A
Chocolate Diesel x Romulan Diesel #18,N/A,N/A,N/A,N/A,N/A,N/A,N/A,N/A,N/A,N/A,N/A,N/A
Crystal Cream,N/A,N/A,N/A,N/A,N/A,N/A,N/A,N/A,N/A,N/A,N/A,N/A
Purple Ice Wreck x Berry White x Banana Kush x Mataro Blue,N/A,N/A,N/A,N/A,N/A,N/A,N/A,N/A,N/A,N/A,N/A,N/A
Diesel Dairy Queen,N/A,N/A,N/A,N/A,N/A,N/A,N/A,N/A,N/A,N/A,N/A,N/A
Lemon Cheese #33,N/A,N/A,N/A,N/A,N/A,N/A,N/A,N/A,N/A,N/A,N/A,N/A
Cheese Cookies #64,N/A,N/A,N/A,N/A,N/A,N/A,N/A,N/A,N/A,N/A,N/A,N/A
Fire Champagne Kush x Crystal Cheese,N/A,N/A,N/A,N/A,N/A,N/A,N/A,N/A,N/A,N/A,N/A,N/A
Honey Ultra Sour,N/A,N/A,N/A,N/A,N/A,N/A,N/A,N/A,N/A,N/A,N/A,N/A
Wild Crystal Cookies,N/A,N/A,N/A,N/A,N/A,N/A,N/A,N/A,N/A,N/A,N/A,N/A
Paradise Haze,N/A,N/A,N/A,N/A,N/A,N/A,N/A,N/A,N/A,N/A,N/A,N/A
Golden Lemon Haze,N/A,N/A,N/A,N/A,N/A,N/A,N/A,N/A,N/A,N/A,N/A,N/A
Tropical Lights,N/A,N/A,N/A,N/A,N/A,N/A,N/A,N/A,N/A,N/A,N/A,N/A
Qrazy Train x Ultra Sour,N/A,N/A,N/A,N/A,N/A,N/A,N/A,N/A,N/A,N/A,N/A,N/A
Fire Dream,N/A,N/A,N/A,N/A,N/A,N/A,N/A,N/A,N/A,N/A,N/A,N/A
XXX OG x Girl Scout Cookies,N/A,N/A,N/A,N/A,N/A,N/A,N/A,N/A,N/A,N/A,N/A,N/A
Colorado Breath,N/A,N/A,N/A,N/A,N/A,N/A,N/A,N/A,N/A,N/A,N/A,N/A
Obama Kush x Orange Platinum Cookies #41,N/A,N/A,N/A,N/A,N/A,N/A,N/A,N/A,N/A,N/A,N/A,N/A
Norwegian Sherbet,N/A,N/A,N/A,N/A,N/A,N/A,N/A,N/A,N/A,N/A,N/A,N/A
Alaskan Frost,N/A,N/A,N/A,N/A,N/A,N/A,N/A,N/A,N/A,N/A,N/A,N/A
MILF #91,N/A,N/A,N/A,N/A,N/A,N/A,N/A,N/A,N/A,N/A,N/A,N/A
Cosmic Cream,N/A,N/A,N/A,N/A,N/A,N/A,N/A,N/A,N/A,N/A,N/A,N/A
Dream Thin Mint GSC #16,N/A,N/A,N/A,N/A,N/A,N/A,N/A,N/A,N/A,N/A,N/A,N/A
Power Berry,N/A,N/A,N/A,N/A,N/A,N/A,N/A,N/A,N/A,N/A,N/A,N/A
Crystal Punch,N/A,N/A,N/A,N/A,N/A,N/A,N/A,N/A,N/A,N/A,N/A,N/A
Fire Cheese x White Fire Alien OG x Diesel Zookies,N/A,N/A,N/A,N/A,N/A,N/A,N/A,N/A,N/A,N/A,N/A,N/A
Ocean Fire Cheese,N/A,N/A,N/A,N/A,N/A,N/A,N/A,N/A,N/A,N/A,N/A,N/A
Neon Thai Zkittlez,N/A,N/A,N/A,N/A,N/A,N/A,N/A,N/A,N/A,N/A,N/A,N/A
Tropical Cream,N/A,N/A,N/A,N/A,N/A,N/A,N/A,N/A,N/A,N/A,N/A,N/A
Agent Orange #46,N/A,N/A,N/A,N/A,N/A,N/A,N/A,N/A,N/A,N/A,N/A,N/A
Alien OG #8,N/A,N/A,N/A,N/A,N/A,N/A,N/A,N/A,N/A,N/A,N/A,N/A
Royal Wedding Cake,N/A,N/A,N/A,N/A,N/A,N/A,N/A,N/A,N/A,N/A,N/A,N/A
Diesel Berry,N/A,N/A,N/A,N/A,N/A,N/A,N/A,N/A,N/A,N/A,N/A,N/A
Crystal Dream,N/A,N/A,N/A,N/A,N/A,N/A,N/A,N/A,N/A,N/A,N/A,N/A
British Fruit,N/A,N/A,N/A,N/A,N/A,N/A,N/A,N/A,N/A,N/A,N/A,N/A
Skunk Diesel,N/A,N/A,N/A,N/A,N/A,N/A,N/A,N/A,N/A,N/A,N/A,N/A
Wild Cosmic Queen's Alien Dawg #44,N/A,N/A,N/A,N/A,N/A,N/A,N/A,N/A,N/A,N/A,N/A,N/A
Fire Express,N/A,N/A,N/A,N/A,N/A,N/A,N/A,N/A,N/A,N/A,N/A,N/A
Queen's Korean Express x Xtreme Frost,N/A,N/A,N/A,N/A,N/A,N/A,N/A,N/A,N/A,N/A,N/A,N/A
Chocolope x Ultra Lights,N/A,N/A,N/A,N/A,N/A,N/A,N/A,N/A,N/A,N/A,N/A,N/A
MILF #85,N/A,N/A,N/A,N/A,N/A,N/A,N/A,N/A,N/A,N/A,N/A,N/A
Lemon Alien Cookies #93,N/A,N/A,N/A,N/A,N/A,N/A,N/A,N/A,N/A,N/A,N/A,N/A
Critical Candy,N/A,N/A,N/A,N/A,N/A,N/A,N/A,N/A,N/A,N/A,N/A,N/A
Super Haze,N/A,N/A,N/A,N/A,N/A,N/A,N/A,N/A,N/A,N/A,N/A,N/A
Diesel Dream x Platinum Diamond Fire Kush,N/A,N/A,N/A,N/A,N/A,N/A,N/A,N/A,N/A,N/A,N/A,N/A
Dream Widow,N/A,N/A,N/A,N/A,N/A,N/A,N/A,N/A,N/A,N/A,N/A,N/A
Honey Colorado Sherbet,N/A,N/A,N/A,N/A,N/A,N/A,N/A,N/A,N/A,N/A,N/A,N/A
Cosmic Cheese Cookies x Endless Sky #60,N/A,N/A,N/A,N/A,N/A,N/A,N/A,N/A,N/A,N/A,N/A,N/A
Ice Dream Acapulco Gold,N/A,N/A,N/A,N/A,N/A,N/A,N/A,N/A,N/A,N/A,N/A,N/A
Golden Glue,N/A,N/A,N/A,N/A,N/A,N/A,N/A,N/A,N/A,N/A,N/A,N/A
Lemon Delight,N/A,N/A,N/A,N/A,N/A,N/A,N/A,N/A,N/A,N/A,N/A,N/A
Dutch Cookies,N/A,N/A,N/A,N/A,N/A,N/A,N/A,N/A,N/A,N/A,N/A,N/A
Ice Breath,N/A,N/A,N/A,N/A,N/A,N/A,N/A,N/A,N/A,N/A,N/A,N/A
Ice Himalayan Zkittlez,N/A,N/A,N/A,N/A,N/A,N/A,N/A,N/A,N/A,N/A,N/A,N/A
Mandarin Cookies x Dutch Treat x Diamond Yoda OG,N/A,N/A,N/A,N/A,N/A,N/A,N/A,N/A,N/A,N/A,N/A,N/A
Jack Flash #85 x Frosted Widow,N/A,N/A,N/A,N/A,N/A,N/A,N/A,N/A,N/A,N/A,N/A,N/A
Orange Cheese #58,N/A,N/A,N/A,N/A,N/A,N/A,N/A,N/A,N/A,N/A,N/A,N/A
Cuban Express,N/A,N/A,N/A,N/A,N/A,N/A,N/A,N/A,N/A,N/A,N/A,N/A
Ice Northern Berry,N/A,N/A,N/A,N/A,N/A,N/A,N/A,N/A,N/A,N/A,N/A,N/A
J1 Black #68,N/A,N/A,N/A,N/A,N/A,N/A,N/A,N/A,N/A,N/A,N/A,N/A
Electric Lemon Haze #86,N/A,N/A,N/A,N/A,N/A,N/A,N/A,N/A,N/A,N/A,N/A,N/A
Diamond Colorado Sherbet,N/A,N/A,N/A,N/A,N/A,N/A,N/A,N/A,N/A,N/A,N/A,N/A
Italian Cream,N/A,N/A,N/A,N/A,N/A,N/A,N/A,N/A,N/A,N/A,N/A,N/A
Tropical Muffin,N/A,N/A,N/A,N/A,N/A,N/A,N/A,N/A,N/A,N/A,N/A,N/A
Crystal Diesel,N/A,N/A,N/A,N/A,N/A,N/A,N/A,N/A,N/A,N/A,N/A,N/A
Orange Cheese x Willie Nelson,N/A,N/A,N/A,N/A,N/A,N/A,N/A,N/A,N/A,N/A,N/A,N/A
Acapulco Pie,N/A,N/A,N/A,N/A,N/A,N/A,N/A,N/A,N/A,N/A,N/A,N/A
Galaxy Orange Crush #84,N/A,N/A,N/A,N/A,N/A,N/A,N/A,N/A,N/A,N/A,N/A,N/A
Lemon UK Cheese,N/A,N/A,N/A,N/A,N/A,N/A,N/A,N/A,N/A,N/A,N/A,N/A
Honey Cream,N/A,N/A,13,N/A,N/A,N/A,N/A,N/A,N/A,N/A,N/A,N/A
Wild Widow #12,N/A,N/A,N/A,N/A,N/A,N/A,N/A,N/A,N/A,N/A,N/A,N/A
Sour Mints,N/A,N/A,19,N/A,N/A,N/A,N/A,N/A,N/A,N/A,N/A,N/A
Dairy Queen x Pink Kush #86,N/A,N/A,N/A,N/A,N/A,N/A,N/A,N/A,N/A,N/A,N/A,N/A
Cheese Crystal Cream,N/A,N/A,N/A,N/A,N/A,N/A,N/A,N/A,N/A,N/A,N/A,N/A
Japanese Zkittlez,N/A,N/A,N/A,N/A,N/A,N/A,N/A,N/A,N/A,N/A,N/A,N/A
Caribbean Haze x Juicy Fruit,N/A,N/A,N/A,N/A,N/A,N/A,N/A,N/A,N/A,N/A,N/A,N/A
Orange Bud #53,N/A,N/A,N/A,N/A,N/A,N/A,N/A,N/A,N/A,N/A,N/A,N/A
Alaskan Glue,N/A,N/A,N/A,N/A,N/A,N/A,N/A,N/A,N/A,N/A,N/A,N/A
Sweet OG,N/A,N/A,N/A,N/A,N/A,N/A,N/A,N/A,N/A,N/A,N/A,N/A
Malawian Fruit #34,N/A,N/A,N/A,N/A,N/A,N/A,N/A,N/A,N/A,N/A,N/A,N/A
Purple Fruit x Chem Dog x Ocean Express,N/A,N/A,N/A,N/A,N/A,N/A,N/A,N/A,N/A,N/A,N/A,N/A
Tropical Cookies,N/A,N/A,21,N/A,N/A,N/A,N/A,N/A,N/A,N/A,N/A,N/A
Purple Widow,N/A,N/A,18,N/A,N/A,N/A,N/A,N/A,N/A,N/A,N/A,N/A
Kosher Kush x Indian Glue,N/A,N/A,N/A,N/A,N/A,N/A,N/A,N/A,N/A,N/A,N/A,N/A
Thunder Frost,N/A,N/A,N/A,N/A,N/A,N/A,N/A,N/A,N/A,N/A,N/A,N/A
Platinum Forbidden Fruit,N/A,N/A,N/A,N/A,N/A,N/A,N/A,N/A,N/A,N/A,N/A,N/A
Panamanian Cheese x Vanilla Kush #79,N/A,N/A,N/A,N/A,N/A,N/A,N/A,N/A,N/A,N/A,N/A,N/A
Sweet Banana Spliff #18,N/A,N/A,N/A,N/A,N/A,N/A,N/A,N/A,N/A,N/A,N/A,N/A
California Bomb,N/A,N/A,N/A,N/A,N/A,N/A,N/A,N/A,N/A,N/A,N/A,N/A
Tropical Cream x Champagne Kush,N/A,N/A,N/A,N/A,N/A,N/A,N/A,N/A,N/A,N/A,N/A,N/A
Electric OG,N/A,N/A,N/A,N/A,N/A,N/A,N/A,N/A,N/A,N/A,N/A,N/A
Neon Glue,N/A,N/A,N/A,N/A,N/A,N/A,N/A,N/A,N/A,N/A,N/A,N/A
Diesel Haze,N/A,N/A,N/A,N/A,N/A,N/A,N/A,N/A,N/A,N/A,N/A,N/A
Mystic Violator Kush,N/A,N/A,N/A,N/A,N/A,N/A,N/A,N/A,N/A,N/A,N/A,N/A
Cosmic Runtz,N/A,N/A,N/A,N/A,N/A,N/A,N/A,N/A,N/A,N/A,N/A,N/A
Queen's Mints,N/A,N/A,N/A,N/A,N/A,N/A,N/A,N/A,N/A,N/A,N/A,N/A
Moroccan Delight,N/A,N/A,N/A,N/A,N/A,N/A,N/A,N/A,N/A,N/A,N/A,N/A
Dream Nuken,N/A,N/A,N/A,N/A,N/A,N/A,N/A,N/A,N/A,N/A,N/A,N/A
LA Cheese #16,N/A,N/A,N/A,N/A,N/A,N/A,N/A,N/A,N/A,N/A,N/A,N/A
African Mints,N/A,N/A,N/A,N/A,N/A,N/A,N/A,N/A,N/A,N/A,N/A,N/A
Indian Gelato,N/A,N/A,N/A,N/A,N/A,N/A,N/A,N/A,N/A,N/A,N/A,N/A
Brazilian Gelato,N/A,N/A,N/A,N/A,N/A,N/A,N/A,N/A,N/A,N/A,N/A,N/A
Mexican Breath,N/A,N/A,N/A,N/A,N/A,N/A,N/A,N/A,N/A,N/A,N/A,N/A
Cheese Muffin,N/A,N/A,N/A,N/A,N/A,N/A,N/A,N/A,N/A,N/A,N/A,N/A
Purple Berry White,N/A,N/A,N/A,N/A,N/A,N/A,N/A,N/A,N/A,N/A,N/A,N/A
Thunder Purple Ice Wreck x Berry White x Banana Kush x Mataro Blue,N/A,N/A,N/A,N/A,N/A,N/A,N/A,N/A,N/A,N/A,N/A,N/A
Mexican Cookies,N/A,N/A,N/A,N/A,N/A,N/A,N/A,N/A,N/A,N/A,N/A,N/A
Cosmic Alien Cookies x Mexican Delight,N/A,N/A,N/A,N/A,N/A,N/A,N/A,N/A,N/A,N/A,N/A,N/A
Diamond Sherbet,N/A,N/A,N/A,N/A,N/A,N/A,N/A,N/A,N/A,N/A,N/A,N/A
Honey Muffin,N/A,N/A,N/A,N/A,N/A,N/A,N/A,N/A,N/A,N/A,N/A,N/A
Diamond Glue,N/A,N/A,N/A,N/A,N/A,N/A,N/A,N/A,N/A,N/A,N/A,N/A
Japanese Haze #49,N/A,N/A,N/A,N/A,N/A,N/A,N/A,N/A,N/A,N/A,N/A,N/A
Sour Cheese Cream,N/A,N/A,N/A,N/A,N/A,N/A,N/A,N/A,N/A,N/A,N/A,N/A
Queen's Malawi Gold,N/A,N/A,N/A,N/A,N/A,N/A,N/A,N/A,N/A,N/A,N/A,N/A
Chilean Zkittlez,N/A,N/A,N/A,N/A,N/A,N/A,N/A,N/A,N/A,N/A,N/A,N/A
Galaxy Sweet Ultimate Purple,N/A,N/A,N/A,N/A,N/A,N/A,N/A,N/A,N/A,N/A,N/A,N/A
Fire OG x Bubblegum,N/A,N/A,N/A,N/A,N/A,N/A,N/A,N/A,N/A,N/A,N/A,N/A
Mystic Glue,N/A,N/A,N/A,N/A,N/A,N/A,N/A,N/A,N/A,N/A,N/A,N/A
Ultra Candy,N/A,N/A,N/A,N/A,N/A,N/A,N/A,N/A,N/A,N/A,N/A,N/A
Dutch Treat Haze #20 x Sweet Cosmic Alien Cookies,N/A,N/A,N/A,N/A,N/A,N/A,N/A,N/A,N/A,N/A,N/A,N/A
Neon Mango Dream,N/A,N/A,N/A,N/A,N/A,N/A,N/A,N/A,N/A,N/A,N/A,N/A
Romulan x Pakistani Breath,N/A,N/A,N/A,N/A,N/A,N/A,N/A,N/A,N/A,N/A,N/A,N/A
Champagne Kush x White Fire Alien OG,N/A,N/A,N/A,N/A,N/A,N/A,N/A,N/A,N/A,N/A,N/A,N/A
Paradise Nuken x Berry White,N/A,N/A,N/A,N/A,N/A,N/A,N/A,N/A,N/A,N/A,N/A,N/A
Ultra Dream,N/A,N/A,N/A,N/A,N/A,N/A,N/A,N/A,N/A,N/A,N/A,N/A
Lemon Royal Express,N/A,N/A,N/A,N/A,N/A,N/A,N/A,N/A,N/A,N/A,N/A,N/A
Caribbean Haze x Ximenia #68,N/A,N/A,N/A,N/A,N/A,N/A,N/A,N/A,N/A,N/A,N/A,N/A
Diesel Zookies x Fire Cheese,N/A,N/A,N/A,N/A,N/A,N/A,N/A,N/A,N/A,N/A,N/A,N/A
Ultra Muffin #53,N/A,N/A,N/A,N/A,N/A,N/A,N/A,N/A,N/A,N/A,N/A,N/A
Nuken #46,N/A,N/A,N/A,N/A,N/A,N/A,N/A,N/A,N/A,N/A,N/A,N/A
Honey Bomb,N/A,N/A,N/A,N/A,N/A,N/A,N/A,N/A,N/A,N/A,N/A,N/A
Australian Candy,N/A,N/A,N/A,N/A,N/A,N/A,N/A,N/A,N/A,N/A,N/A,N/A
Silver Glue #55,N/A,N/A,N/A,N/A,N/A,N/A,N/A,N/A,N/A,N/A,N/A,N/A
Diamond Sherbet x Exodus Cheese x Champagne Kush,N/A,N/A,N/A,N/A,N/A,N/A,N/A,N/A,N/A,N/A,N/A,N/A
Platinum Animal Cookies,N/A,N/A,N/A,N/A,N/A,N/A,N/A,N/A,N/A,N/A,N/A,N/A
Cosmic Breath,N/A,N/A,N/A,N/A,N/A,N/A,N/A,N/A,N/A,N/A,N/A,N/A
Cheese Mints,N/A,N/A,N/A,N/A,N/A,N/A,N/A,N/A,N/A,N/A,N/A,N/A
Frosted Widow #65,N/A,N/A,N/A,N/A,N/A,N/A,N/A,N/A,N/A,N/A,N/A,N/A
Skunk Cheese Cookies,N/A,N/A,N/A,N/A,N/A,N/A,N/A,N/A,N/A,N/A,N/A,N/A
Mystic Cosmic Cheese Cookies,N/A,N/A,N/A,N/A,N/A,N/A,N/A,N/A,N/A,N/A,N/A,N/A
Skunk Cheese Cookies x Violator Kush,N/A,N/A,N/A,N/A,N/A,N/A,N/A,N/A,N/A,N/A,N/A,N/A
French Cream,N/A,N/A,N/A,N/A,N/A,N/A,N/A,N/A,N/A,N/A,N/A,N/A
Colombian Cream,N/A,N/A,N/A,N/A,N/A,N/A,N/A,N/A,N/A,N/A,N/A,N/A
Sour Electric Lemon Haze #86,N/A,N/A,N/A,N/A,N/A,N/A,N/A,N/A,N/A,N/A,N/A,N/A
J1 Black #68 x Sweet Banana Spliff #18,N/A,N/A,N/A,N/A,N/A,N/A,N/A,N/A,N/A,N/A,N/A,N/A
Mystic Phantom OG,N/A,N/A,N/A,N/A,N/A,N/A,N/A,N/A,N/A,N/A,N/A,N/A
Electric Cotton Candy x Trinity,N/A,N/A,N/A,N/A,N/A,N/A,N/A,N/A,N/A,N/A,N/A,N/A
Cuban Candy,N/A,N/A,N/A,N/A,N/A,N/A,N/A,N/A,N/A,N/A,N/A,N/A
Paradise Northern Lights #21 x Pakistani Breath,N/A,N/A,N/A,N/A,N/A,N/A,N/A,N/A,N/A,N/A,N/A,N/A
Critical Mass #13 x Mexican Cookies,N/A,N/A,N/A,N/A,N/A,N/A,N/A,N/A,N/A,N/A,N/A,N/A
Paradise Nuken x Berry White x Fire OG x Bubblegum,N/A,N/A,N/A,N/A,N/A,N/A,N/A,N/A,N/A,N/A,N/A,N/A
Orange Crush #84 #41 x Skunk #1,N/A,N/A,N/A,N/A,N/A,N/A,N/A,N/A,N/A,N/A,N/A,N/A
Thunder White Cookies x Neon Mango Dream,N/A,N/A,N/A,N/A,N/A,N/A,N/A,N/A,N/A,N/A,N/A,N/A
Lebanese OG,N/A,N/A,N/A,N/A,N/A,N/A,N/A,N/A,N/A,N/A,N/A,N/A
German Cheese,N/A,N/A,N/A,N/A,N/A,N/A,N/A,N/A,N/A,N/A,N/A,N/A
Paradise Oregon Diesel,N/A,N/A,N/A,N/A,N/A,N/A,N/A,N/A,N/A,N/A,N/A,N/A
Frostbite x Cosmic Cuban Fuel #91,N/A,N/A,N/A,N/A,N/A,N/A,N/A,N/A,N/A,N/A,N/A,N/A
Thunder Fruit,N/A,N/A,N/A,N/A,N/A,N/A,N/A,N/A,N/A,N/A,N/A,N/A
Power Muffin,N/A,N/A,N/A,N/A,N/A,N/A,N/A,N/A,N/A,N/A,N/A,N/A
Ultra White Fire OG,N/A,N/A,N/A,N/A,N/A,N/A,N/A,N/A,N/A,N/A,N/A,N/A
Super Endless Sky #60,N/A,N/A,N/A,N/A,N/A,N/A,N/A,N/A,N/A,N/A,N/A,N/A
Bio Diesel x Neon Fruit,N/A,N/A,N/A,N/A,N/A,N/A,N/A,N/A,N/A,N/A,N/A,N/A
Xtreme Sherbet,N/A,N/A,N/A,N/A,N/A,N/A,N/A,N/A,N/A,N/A,N/A,N/A
Ultra Delight,N/A,N/A,N/A,N/A,N/A,N/A,N/A,N/A,N/A,N/A,N/A,N/A
Royal Super Silver Haze,N/A,N/A,N/A,N/A,N/A,N/A,N/A,N/A,N/A,N/A,N/A,N/A
Diamond OG,N/A,N/A,17,0,N/A,N/A,N/A,N/A,N/A,N/A,N/A,N/A
Critical Lights,N/A,N/A,N/A,N/A,N/A,N/A,N/A,N/A,N/A,N/A,N/A,N/A
Skywalker OG x Nova OG,N/A,N/A,N/A,N/A,N/A,N/A,N/A,N/A,N/A,N/A,N/A,N/A
Diesel Diamond Lights,N/A,N/A,N/A,N/A,N/A,N/A,N/A,N/A,N/A,N/A,N/A,N/A
Neon Nigerian OG,N/A,N/A,N/A,N/A,N/A,N/A,N/A,N/A,N/A,N/A,N/A,N/A
Norwegian Lights,N/A,N/A,N/A,N/A,N/A,N/A,N/A,N/A,N/A,N/A,N/A,N/A
Black Diamond x Venom OG,N/A,N/A,N/A,N/A,N/A,N/A,N/A,N/A,N/A,N/A,N/A,N/A
Island Sweet Skunk x White Tahoe Cookies x Headband x Dairy Queen x Pink Kush,N/A,N/A,N/A,N/A,N/A,N/A,N/A,N/A,N/A,N/A,N/A,N/A
Orange Crush #84 #41 #38,N/A,N/A,N/A,N/A,N/A,N/A,N/A,N/A,N/A,N/A,N/A,N/A
Lamb's Bread x Fire Fruit,N/A,N/A,N/A,N/A,N/A,N/A,N/A,N/A,N/A,N/A,N/A,N/A
Wild Kush,N/A,N/A,N/A,N/A,N/A,N/A,N/A,N/A,N/A,N/A,N/A,N/A
Ocean Fire Cheese x Cosmic Cream,N/A,N/A,N/A,N/A,N/A,N/A,N/A,N/A,N/A,N/A,N/A,N/A
Golden Vanilla Kush #79,N/A,N/A,N/A,N/A,N/A,N/A,N/A,N/A,N/A,N/A,N/A,N/A
Electric Cheese,N/A,N/A,N/A,N/A,N/A,N/A,N/A,N/A,N/A,N/A,N/A,N/A
Night Nurse x NYC Diesel,N/A,N/A,N/A,N/A,N/A,N/A,N/A,N/A,N/A,N/A,N/A,N/A
Malawi Gold x Thunder Frost,N/A,N/A,N/A,N/A,N/A,N/A,N/A,N/A,N/A,N/A,N/A,N/A
Skunk Runtz,N/A,N/A,N/A,N/A,N/A,N/A,N/A,N/A,N/A,N/A,N/A,N/A
Crystal Diesel x Space Queen,N/A,N/A,N/A,N/A,N/A,N/A,N/A,N/A,N/A,N/A,N/A,N/A
Zeta #97,N/A,N/A,N/A,N/A,N/A,N/A,N/A,N/A,N/A,N/A,N/A,N/A
Ice Cheese Qrazy Train,N/A,N/A,N/A,N/A,N/A,N/A,N/A,N/A,N/A,N/A,N/A,N/A
Paradise Hindu Kush,N/A,N/A,N/A,N/A,N/A,N/A,N/A,N/A,N/A,N/A,N/A,N/A
Neon X-files x Diamond Lights,N/A,N/A,N/A,N/A,N/A,N/A,N/A,N/A,N/A,N/A,N/A,N/A
European Diesel,N/A,N/A,N/A,N/A,N/A,N/A,N/A,N/A,N/A,N/A,N/A,N/A
Fruit Punch #59,N/A,N/A,N/A,N/A,N/A,N/A,N/A,N/A,N/A,N/A,N/A,N/A
Hawaiian Candy,N/A,N/A,N/A,N/A,N/A,N/A,N/A,N/A,N/A,N/A,N/A,N/A
Queen's Qleaner,N/A,N/A,N/A,N/A,N/A,N/A,N/A,N/A,N/A,N/A,N/A,N/A
Thin Mint GSC #16 #63,N/A,N/A,N/A,N/A,N/A,N/A,N/A,N/A,N/A,N/A,N/A,N/A
Brazilian Delight,N/A,N/A,N/A,N/A,N/A,N/A,N/A,N/A,N/A,N/A,N/A,N/A
Critical Mass x Banana Spliff,N/A,N/A,N/A,N/A,N/A,N/A,N/A,N/A,N/A,N/A,N/A,N/A
Wild Cream,N/A,N/A,N/A,N/A,N/A,N/A,N/A,N/A,N/A,N/A,N/A,N/A
Orange Bud #53 #67,N/A,N/A,N/A,N/A,N/A,N/A,N/A,N/A,N/A,N/A,N/A,N/A
Ocean Pie,N/A,N/A,N/A,N/A,N/A,N/A,N/A,N/A,N/A,N/A,N/A,N/A
Honey Cake,N/A,N/A,N/A,N/A,N/A,N/A,N/A,N/A,N/A,N/A,N/A,N/A
Platinum Diamond Fire Kush #98,N/A,N/A,N/A,N/A,N/A,N/A,N/A,N/A,N/A,N/A,N/A,N/A
Himalayan Sherbet,N/A,N/A,N/A,N/A,N/A,N/A,N/A,N/A,N/A,N/A,N/A,N/A
Sour Ocean Vanilla Kush,N/A,N/A,N/A,N/A,N/A,N/A,N/A,N/A,N/A,N/A,N/A,N/A
Chocolate Diesel x Critical Kush,N/A,N/A,N/A,N/A,N/A,N/A,N/A,N/A,N/A,N/A,N/A,N/A
Pakistani Cheese,N/A,N/A,N/A,N/A,N/A,N/A,N/A,N/A,N/A,N/A,N/A,N/A
Kenyan Punch #55,N/A,N/A,N/A,N/A,N/A,N/A,N/A,N/A,N/A,N/A,N/A,N/A
Mystic Cheese,N/A,N/A,N/A,N/A,N/A,N/A,N/A,N/A,N/A,N/A,N/A,N/A
Blackberry Kush #89,N/A,N/A,N/A,N/A,N/A,N/A,N/A,N/A,N/A,N/A,N/A,N/A
Orange Jack Flash #85,N/A,N/A,N/A,N/A,N/A,N/A,N/A,N/A,N/A,N/A,N/A,N/A
Orange Bomb,N/A,N/A,N/A,N/A,N/A,N/A,N/A,N/A,N/A,N/A,N/A,N/A
African OG,N/A,N/A,N/A,N/A,N/A,N/A,N/A,N/A,N/A,N/A,N/A,N/A
Platinum Grapefruit,N/A,N/A,N/A,N/A,N/A,N/A,N/A,N/A,N/A,N/A,N/A,N/A
Royal Muffin,N/A,N/A,N/A,N/A,N/A,N/A,N/A,N/A,N/A,N/A,N/A,N/A
Silver Frost,N/A,N/A,N/A,N/A,N/A,N/A,N/A,N/A,N/A,N/A,N/A,N/A
Dream Kush,N/A,N/A,N/A,N/A,N/A,N/A,N/A,N/A,N/A,N/A,N/A,N/A
Diesel Zookies x Fire Cheese x Ocean Vanilla Kush,N/A,N/A,N/A,N/A,N/A,N/A,N/A,N/A,N/A,N/A,N/A,N/A
Champagne Kush x Crystal Cheese #78,N/A,N/A,N/A,N/A,N/A,N/A,N/A,N/A,N/A,N/A,N/A,N/A
Cheese Critical Mass,N/A,N/A,N/A,N/A,N/A,N/A,N/A,N/A,N/A,N/A,N/A,N/A
White Russian x Afghani,N/A,N/A,N/A,N/A,N/A,N/A,N/A,N/A,N/A,N/A,N/A,N/A
Tahoe OG #48,N/A,N/A,N/A,N/A,N/A,N/A,N/A,N/A,N/A,N/A,N/A,N/A
Headband x Diesel Diamond Lights,N/A,N/A,N/A,N/A,N/A,N/A,N/A,N/A,N/A,N/A,N/A,N/A
Thunder Pie,N/A,N/A,N/A,N/A,N/A,N/A,N/A,N/A,N/A,N/A,N/A,N/A
Chemdawg #67 #15,N/A,N/A,N/A,N/A,N/A,N/A,N/A,N/A,N/A,N/A,N/A,N/A
Cosmic Cheese Muffin,N/A,N/A,N/A,N/A,N/A,N/A,N/A,N/A,N/A,N/A,N/A,N/A
Egyptian Diesel,N/A,N/A,N/A,N/A,N/A,N/A,N/A,N/A,N/A,N/A,N/A,N/A
Silver Muffin #50,N/A,N/A,N/A,N/A,N/A,N/A,N/A,N/A,N/A,N/A,N/A,N/A
Queen's Malawi Gold x Colorado Cheese,N/A,N/A,N/A,N/A,N/A,N/A,N/A,N/A,N/A,N/A,N/A,N/A
Paradise Violator Kush,N/A,N/A,N/A,N/A,N/A,N/A,N/A,N/A,N/A,N/A,N/A,N/A
Wild Yellow Brick Road,N/A,N/A,N/A,N/A,N/A,N/A,N/A,N/A,N/A,N/A,N/A,N/A
Kenyan Muffin x Cheese Muffin,N/A,N/A,N/A,N/A,N/A,N/A,N/A,N/A,N/A,N/A,N/A,N/A
Paradise Glue #68 x Caribbean Haze,N/A,N/A,N/A,N/A,N/A,N/A,N/A,N/A,N/A,N/A,N/A,N/A
Diesel Fruit,N/A,N/A,N/A,N/A,N/A,N/A,N/A,N/A,N/A,N/A,N/A,N/A
Royal Zkittlez,N/A,N/A,N/A,N/A,N/A,N/A,N/A,N/A,N/A,N/A,N/A,N/A
Tropical Qrazy Train #53 x Critical Mass x Banana Spliff,N/A,N/A,N/A,N/A,N/A,N/A,N/A,N/A,N/A,N/A,N/A,N/A
Nigerian OG #73,N/A,N/A,N/A,N/A,N/A,N/A,N/A,N/A,N/A,N/A,N/A,N/A
Silver Sweet Ultimate Purple,N/A,N/A,N/A,N/A,N/A,N/A,N/A,N/A,N/A,N/A,N/A,N/A
Thunder Punch,N/A,N/A,N/A,N/A,N/A,N/A,N/A,N/A,N/A,N/A,N/A,N/A
California Runtz,N/A,N/A,N/A,N/A,N/A,N/A,N/A,N/A,N/A,N/A,N/A,N/A
Wild Mints,N/A,N/A,N/A,N/A,N/A,N/A,N/A,N/A,N/A,N/A,N/A,N/A
Frostbite x White Russian x Afghani,N/A,N/A,N/A,N/A,N/A,N/A,N/A,N/A,N/A,N/A,N/A,N/A
Thunder White Cookies x Neon Mango Dream #20,N/A,N/A,N/A,N/A,N/A,N/A,N/A,N/A,N/A,N/A,N/A,N/A
Cosmic Purple Haze,N/A,N/A,N/A,N/A,N/A,N/A,N/A,N/A,N/A,N/A,N/A,N/A
Neon Pie,N/A,N/A,N/A,N/A,N/A,N/A,N/A,N/A,N/A,N/A,N/A,N/A
Silver Electric Cotton Candy x Qrazy Train x White Runtz,N/A,N/A,N/A,N/A,N/A,N/A,N/A,N/A,N/A,N/A,N/A,N/A
Indonesian Kush,N/A,N/A,N/A,N/A,N/A,N/A,N/A,N/A,N/A,N/A,N/A,N/A
Four Way x Diesel x Pure Power Plant #49,N/A,N/A,N/A,N/A,N/A,N/A,N/A,N/A,N/A,N/A,N/A,N/A
Platinum Haze,N/A,N/A,22,0,N/A,N/A,N/A,N/A,N/A,N/A,N/A,N/A
Ocean God Bud,N/A,N/A,N/A,N/A,N/A,N/A,N/A,N/A,N/A,N/A,N/A,N/A
Paradise Mandarin Cookies x Dutch Treat x Diamond Yoda OG,N/A,N/A,N/A,N/A,N/A,N/A,N/A,N/A,N/A,N/A,N/A,N/A
Fire Cheese x White Fire Alien OG x Diesel Zookies #21,N/A,N/A,N/A,N/A,N/A,N/A,N/A,N/A,N/A,N/A,N/A,N/A
Frosted Cheese,N/A,N/A,N/A,N/A,N/A,N/A,N/A,N/A,N/A,N/A,N/A,N/A
Dream Bomb,N/A,N/A,N/A,N/A,N/A,N/A,N/A,N/A,N/A,N/A,N/A,N/A
Sour Cheese Cream x Diesel Diamond Lights,N/A,N/A,N/A,N/A,N/A,N/A,N/A,N/A,N/A,N/A,N/A,N/A
Wild Super Endless Sky #60,N/A,N/A,N/A,N/A,N/A,N/A,N/A,N/A,N/A,N/A,N/A,N/A
Sour Candy,N/A,N/A,17,N/A,N/A,N/A,N/A,N/A,N/A,N/A,N/A,N/A
Nebu-Kush x Power Breath #3,N/A,N/A,N/A,N/A,N/A,N/A,N/A,N/A,N/A,N/A,N/A,N/A
Thin Mint GSC x Wild Blueberry,N/A,N/A,N/A,N/A,N/A,N/A,N/A,N/A,N/A,N/A,N/A,N/A
Fire Muffin,N/A,N/A,N/A,N/A,N/A,N/A,N/A,N/A,N/A,N/A,N/A,N/A
Electric Animal Cookies,N/A,N/A,N/A,N/A,N/A,N/A,N/A,N/A,N/A,N/A,N/A,N/A
Power Fruit,N/A,N/A,N/A,N/A,N/A,N/A,N/A,N/A,N/A,N/A,N/A,N/A
Fire OG x Bio Diesel x Neon Fruit,N/A,N/A,N/A,N/A,N/A,N/A,N/A,N/A,N/A,N/A,N/A,N/A
Dream Jack Herer,N/A,N/A,N/A,N/A,N/A,N/A,N/A,N/A,N/A,N/A,N/A,N/A
Ultra Muffin x Romulan Diesel,N/A,N/A,N/A,N/A,N/A,N/A,N/A,N/A,N/A,N/A,N/A,N/A
Orange Fuel,N/A,N/A,18,N/A,N/A,N/A,N/A,N/A,N/A,N/A,N/A,N/A
Silver Sweet Ultimate Purple x Sweet Tooth,N/A,N/A,N/A,N/A,N/A,N/A,N/A,N/A,N/A,N/A,N/A,N/A
Moroccan Lights,N/A,N/A,N/A,N/A,N/A,N/A,N/A,N/A,N/A,N/A,N/A,N/A
Cheese Haze,N/A,N/A,N/A,N/A,N/A,N/A,N/A,N/A,N/A,N/A,N/A,N/A
Skunk Night Nurse #10,N/A,N/A,N/A,N/A,N/A,N/A,N/A,N/A,N/A,N/A,N/A,N/A
Sweet Berry,N/A,N/A,N/A,N/A,N/A,N/A,N/A,N/A,N/A,N/A,N/A,N/A
Frosted Lavender x Thunder Delight x Bubblegum,N/A,N/A,N/A,N/A,N/A,N/A,N/A,N/A,N/A,N/A,N/A,N/A
Super Dutch Cookies,N/A,N/A,N/A,N/A,N/A,N/A,N/A,N/A,N/A,N/A,N/A,N/A
Honey Haze,N/A,N/A,N/A,N/A,N/A,N/A,N/A,N/A,N/A,N/A,N/A,N/A
Dream Kush #4,N/A,N/A,N/A,N/A,N/A,N/A,N/A,N/A,N/A,N/A,N/A,N/A
Golden Goat x Pre-98 Bubba Kush,N/A,N/A,N/A,N/A,N/A,N/A,N/A,N/A,N/A,N/A,N/A,N/A
Platinum Fire Cheese,N/A,N/A,N/A,N/A,N/A,N/A,N/A,N/A,N/A,N/A,N/A,N/A
Caribbean Zkittlez,N/A,N/A,N/A,N/A,N/A,N/A,N/A,N/A,N/A,N/A,N/A,N/A
Sour Pie,N/A,N/A,N/A,N/A,N/A,N/A,N/A,N/A,N/A,N/A,N/A,N/A
Brazilian Haze,N/A,N/A,N/A,N/A,N/A,N/A,N/A,N/A,N/A,N/A,N/A,N/A
Diesel Romulan x Pakistani Breath,N/A,N/A,N/A,N/A,N/A,N/A,N/A,N/A,N/A,N/A,N/A,N/A
God's Gift x Kandy Kush,N/A,N/A,N/A,N/A,N/A,N/A,N/A,N/A,N/A,N/A,N/A,N/A
Cosmic Cuban Fuel x Indian Glue,N/A,N/A,N/A,N/A,N/A,N/A,N/A,N/A,N/A,N/A,N/A,N/A
Critical Chocolope x Ultra Lights,N/A,N/A,N/A,N/A,N/A,N/A,N/A,N/A,N/A,N/A,N/A,N/A
Norwegian Pie,N/A,N/A,N/A,N/A,N/A,N/A,N/A,N/A,N/A,N/A,N/A,N/A
Frosted Kush,N/A,N/A,N/A,N/A,N/A,N/A,N/A,N/A,N/A,N/A,N/A,N/A
Queen's Malawi Gold x Colorado Cheese #18,N/A,N/A,N/A,N/A,N/A,N/A,N/A,N/A,N/A,N/A,N/A,N/A
Chilean Runtz,N/A,N/A,N/A,N/A,N/A,N/A,N/A,N/A,N/A,N/A,N/A,N/A
Frosted Bomb,N/A,N/A,N/A,N/A,N/A,N/A,N/A,N/A,N/A,N/A,N/A,N/A
Kenyan Frost,N/A,N/A,N/A,N/A,N/A,N/A,N/A,N/A,N/A,N/A,N/A,N/A
Ocean Mexican Breath,N/A,N/A,N/A,N/A,N/A,N/A,N/A,N/A,N/A,N/A,N/A,N/A
Fire Cream,N/A,N/A,N/A,N/A,N/A,N/A,N/A,N/A,N/A,N/A,N/A,N/A
Queen's Kenyan Punch,N/A,N/A,N/A,N/A,N/A,N/A,N/A,N/A,N/A,N/A,N/A,N/A
Royal French Cream,N/A,N/A,N/A,N/A,N/A,N/A,N/A,N/A,N/A,N/A,N/A,N/A
Tropical Cookies #55,N/A,N/A,N/A,N/A,N/A,N/A,N/A,N/A,N/A,N/A,N/A,N/A
Critical California Runtz,N/A,N/A,N/A,N/A,N/A,N/A,N/A,N/A,N/A,N/A,N/A,N/A
Fire Ice Queen #96 #10,N/A,N/A,N/A,N/A,N/A,N/A,N/A,N/A,N/A,N/A,N/A,N/A
Cheese Sweet Cosmic Alien Cookies,N/A,N/A,N/A,N/A,N/A,N/A,N/A,N/A,N/A,N/A,N/A,N/A
Mataro Blue x Neon Mango Dream,N/A,N/A,N/A,N/A,N/A,N/A,N/A,N/A,N/A,N/A,N/A,N/A
Lemon Platinum Diamond Fire Kush #98,N/A,N/A,N/A,N/A,N/A,N/A,N/A,N/A,N/A,N/A,N/A,N/A
Critical Platinum Paradise Glue,N/A,N/A,N/A,N/A,N/A,N/A,N/A,N/A,N/A,N/A,N/A,N/A
Grape Ape #27,N/A,N/A,N/A,N/A,N/A,N/A,N/A,N/A,N/A,N/A,N/A,N/A
LA Confidential #54,N/A,N/A,N/A,N/A,N/A,N/A,N/A,N/A,N/A,N/A,N/A,N/A
Alaskan Gelato,N/A,N/A,N/A,N/A,N/A,N/A,N/A,N/A,N/A,N/A,N/A,N/A
Qrazy Train x White Runtz x Zookies,N/A,N/A,N/A,N/A,N/A,N/A,N/A,N/A,N/A,N/A,N/A,N/A
Skunk OG,N/A,N/A,N/A,N/A,N/A,N/A,N/A,N/A,N/A,N/A,N/A,N/A
Amsterdam Cookies,N/A,N/A,N/A,N/A,N/A,N/A,N/A,N/A,N/A,N/A,N/A,N/A
Italian Runtz,N/A,N/A,N/A,N/A,N/A,N/A,N/A,N/A,N/A,N/A,N/A,N/A
Mystic Sweet OG,N/A,N/A,N/A,N/A,N/A,N/A,N/A,N/A,N/A,N/A,N/A,N/A
Tahoe OG #1,N/A,N/A,N/A,N/A,N/A,N/A,N/A,N/A,N/A,N/A,N/A,N/A
Cheese Super Lemon Haze #4,N/A,N/A,N/A,N/A,N/A,N/A,N/A,N/A,N/A,N/A,N/A,N/A
Silver Fire OG x Bubblegum,N/A,N/A,N/A,N/A,N/A,N/A,N/A,N/A,N/A,N/A,N/A,N/A
Wild Dream Widow,N/A,N/A,N/A,N/A,N/A,N/A,N/A,N/A,N/A,N/A,N/A,N/A
Thunder Cream,N/A,N/A,N/A,N/A,N/A,N/A,N/A,N/A,N/A,N/A,N/A,N/A
Brazilian Zkittlez x Afghan Kush x Malawi Gold x Thunder Frost,N/A,N/A,N/A,N/A,N/A,N/A,N/A,N/A,N/A,N/A,N/A,N/A
El Nino #71,N/A,N/A,N/A,N/A,N/A,N/A,N/A,N/A,N/A,N/A,N/A,N/A
Tropical Lights x Paradise Mandarin Cookies x Dutch Treat x Diamond Yoda OG,N/A,N/A,N/A,N/A,N/A,N/A,N/A,N/A,N/A,N/A,N/A,N/A
Xtreme Lights,N/A,N/A,N/A,N/A,N/A,N/A,N/A,N/A,N/A,N/A,N/A,N/A
Sweet Zkittlez,N/A,N/A,15,N/A,N/A,N/A,N/A,N/A,N/A,N/A,N/A,N/A
Cheese Cake,N/A,N/A,N/A,N/A,N/A,N/A,N/A,N/A,N/A,N/A,N/A,N/A
Galaxy Caribbean Haze x Ximenia #68,N/A,N/A,N/A,N/A,N/A,N/A,N/A,N/A,N/A,N/A,N/A,N/A
European Zkittlez,N/A,N/A,N/A,N/A,N/A,N/A,N/A,N/A,N/A,N/A,N/A,N/A
Moroccan Zkittlez,N/A,N/A,N/A,N/A,N/A,N/A,N/A,N/A,N/A,N/A,N/A,N/A
Neon Nigerian OG x Haze Berry,N/A,N/A,N/A,N/A,N/A,N/A,N/A,N/A,N/A,N/A,N/A,N/A
Orange Cheese x Colorado Gelato,N/A,N/A,N/A,N/A,N/A,N/A,N/A,N/A,N/A,N/A,N/A,N/A
Mystic Critical California Runtz,N/A,N/A,N/A,N/A,N/A,N/A,N/A,N/A,N/A,N/A,N/A,N/A
Caribbean Bomb,N/A,N/A,N/A,N/A,N/A,N/A,N/A,N/A,N/A,N/A,N/A,N/A
Kenyan Punch #55 x Dream Queen,N/A,N/A,N/A,N/A,N/A,N/A,N/A,N/A,N/A,N/A,N/A,N/A
Greek Cookies,N/A,N/A,N/A,N/A,N/A,N/A,N/A,N/A,N/A,N/A,N/A,N/A
Nebula x Cotton Candy,N/A,N/A,N/A,N/A,N/A,N/A,N/A,N/A,N/A,N/A,N/A,N/A
African Mints #79,N/A,N/A,N/A,N/A,N/A,N/A,N/A,N/A,N/A,N/A,N/A,N/A
Ice Cheese Qrazy Train #80,N/A,N/A,N/A,N/A,N/A,N/A,N/A,N/A,N/A,N/A,N/A,N/A
Ximenia x Zombie OG x Tropicana Cookies,N/A,N/A,N/A,N/A,N/A,N/A,N/A,N/A,N/A,N/A,N/A,N/A
Panamanian OG,N/A,N/A,N/A,N/A,N/A,N/A,N/A,N/A,N/A,N/A,N/A,N/A
Thunder Runtz,N/A,N/A,N/A,N/A,N/A,N/A,N/A,N/A,N/A,N/A,N/A,N/A
UK Cheese x Berry White x Banana Kush,N/A,N/A,N/A,N/A,N/A,N/A,N/A,N/A,N/A,N/A,N/A,N/A
Platinum XXX OG x Girl Scout Cookies,N/A,N/A,N/A,N/A,N/A,N/A,N/A,N/A,N/A,N/A,N/A,N/A
Nebula x Cheese Sweet XJ-13,N/A,N/A,N/A,N/A,N/A,N/A,N/A,N/A,N/A,N/A,N/A,N/A
Platinum Purple Berry White,N/A,N/A,N/A,N/A,N/A,N/A,N/A,N/A,N/A,N/A,N/A,N/A
Chocolate Diesel x Vanilla Kush,N/A,N/A,N/A,N/A,N/A,N/A,N/A,N/A,N/A,N/A,N/A,N/A
Sweet Zkittlez #15,N/A,N/A,N/A,N/A,N/A,N/A,N/A,N/A,N/A,N/A,N/A,N/A
Ultra Thunder Punch,N/A,N/A,N/A,N/A,N/A,N/A,N/A,N/A,N/A,N/A,N/A,N/A
Neon OG,N/A,N/A,N/A,N/A,N/A,N/A,N/A,N/A,N/A,N/A,N/A,N/A
Nuken x Berry White x Critical Chocolope x Ultra Lights,N/A,N/A,N/A,N/A,N/A,N/A,N/A,N/A,N/A,N/A,N/A,N/A
Sour Super Dutch Cookies,N/A,N/A,N/A,N/A,N/A,N/A,N/A,N/A,N/A,N/A,N/A,N/A
Wild Yellow Brick Road x Crystal Cookies,N/A,N/A,N/A,N/A,N/A,N/A,N/A,N/A,N/A,N/A,N/A,N/A
Exodus Cheese #83,N/A,N/A,N/A,N/A,N/A,N/A,N/A,N/A,N/A,N/A,N/A,N/A
Silver Dream,N/A,N/A,N/A,N/A,N/A,N/A,N/A,N/A,N/A,N/A,N/A,N/A
Fire Diamond Sherbet x Exodus Cheese x Champagne Kush,N/A,N/A,N/A,N/A,N/A,N/A,N/A,N/A,N/A,N/A,N/A,N/A
Queen's Malawi Gold x Colorado Cheese x Moroccan Zkittlez,N/A,N/A,N/A,N/A,N/A,N/A,N/A,N/A,N/A,N/A,N/A,N/A
Panamanian Runtz,N/A,N/A,N/A,N/A,N/A,N/A,N/A,N/A,N/A,N/A,N/A,N/A
Ultra Sour x Wedding Cake #25,N/A,N/A,N/A,N/A,N/A,N/A,N/A,N/A,N/A,N/A,N/A,N/A
Tropical Breath,N/A,N/A,N/A,N/A,N/A,N/A,N/A,N/A,N/A,N/A,N/A,N/A
Neon Bubba Kush,N/A,N/A,N/A,N/A,N/A,N/A,N/A,N/A,N/A,N/A,N/A,N/A
Sour Cheese,N/A,N/A,N/A,N/A,N/A,N/A,N/A,N/A,N/A,N/A,N/A,N/A
Hawaiian Express,N/A,N/A,N/A,N/A,N/A,N/A,N/A,N/A,N/A,N/A,N/A,N/A
Skunk Night Nurse #10 x Paradise Glue,N/A,N/A,N/A,N/A,N/A,N/A,N/A,N/A,N/A,N/A,N/A,N/A
XJ-13 x Australian Candy,N/A,N/A,N/A,N/A,N/A,N/A,N/A,N/A,N/A,N/A,N/A,N/A
Y Griega #32,N/A,N/A,N/A,N/A,N/A,N/A,N/A,N/A,N/A,N/A,N/A,N/A
Critical Silver Frost,N/A,N/A,N/A,N/A,N/A,N/A,N/A,N/A,N/A,N/A,N/A,N/A
Querkle #42,N/A,N/A,N/A,N/A,N/A,N/A,N/A,N/A,N/A,N/A,N/A,N/A
Australian Berry,N/A,N/A,N/A,N/A,N/A,N/A,N/A,N/A,N/A,N/A,N/A,N/A
Xtreme Cake,N/A,N/A,N/A,N/A,N/A,N/A,N/A,N/A,N/A,N/A,N/A,N/A
Purple Diesel Mandarin Cookies x Dutch Treat x Tropical Glue #61,N/A,N/A,N/A,N/A,N/A,N/A,N/A,N/A,N/A,N/A,N/A,N/A
Cheese Sweet XJ-13 x Himalayan Sherbet,N/A,N/A,N/A,N/A,N/A,N/A,N/A,N/A,N/A,N/A,N/A,N/A
Lemon Berry,N/A,N/A,N/A,N/A,N/A,N/A,N/A,N/A,N/A,N/A,N/A,N/A
Royal Runtz,N/A,N/A,N/A,N/A,N/A,N/A,N/A,N/A,N/A,N/A,N/A,N/A
Grape Ape #27 x Fire Champagne Kush x Crystal Cheese,N/A,N/A,N/A,N/A,N/A,N/A,N/A,N/A,N/A,N/A,N/A,N/A
Skunk Night Nurse #10 x Skunk Diesel,N/A,N/A,N/A,N/A,N/A,N/A,N/A,N/A,N/A,N/A,N/A,N/A
Grapefruit #35,N/A,N/A,N/A,N/A,N/A,N/A,N/A,N/A,N/A,N/A,N/A,N/A
Mystic Critical California Runtz x Lavender x Thunder Delight x Lavender x Thunder Delight x Bubblegum,N/A,N/A,N/A,N/A,N/A,N/A,N/A,N/A,N/A,N/A,N/A,N/A
Caribbean Haze x Ximenia x Kosher Tangie x XXX OG,N/A,N/A,N/A,N/A,N/A,N/A,N/A,N/A,N/A,N/A,N/A,N/A
Wild Breath,N/A,N/A,N/A,N/A,N/A,N/A,N/A,N/A,N/A,N/A,N/A,N/A
African Muffin,N/A,N/A,N/A,N/A,N/A,N/A,N/A,N/A,N/A,N/A,N/A,N/A
Alaskan Frost x Lavender x Thunder Delight x Lavender x Thunder Delight x Bubblegum,N/A,N/A,N/A,N/A,N/A,N/A,N/A,N/A,N/A,N/A,N/A,N/A
African Breath,N/A,N/A,N/A,N/A,N/A,N/A,N/A,N/A,N/A,N/A,N/A,N/A
Silver Berry,N/A,N/A,N/A,N/A,N/A,N/A,N/A,N/A,N/A,N/A,N/A,N/A
Wild Runtz,N/A,N/A,N/A,N/A,N/A,N/A,N/A,N/A,N/A,N/A,N/A,N/A
Mystic Glue x Kosher Kush x Indian Glue,N/A,N/A,N/A,N/A,N/A,N/A,N/A,N/A,N/A,N/A,N/A,N/A
Neon Ice Wreck,N/A,N/A,N/A,N/A,N/A,N/A,N/A,N/A,N/A,N/A,N/A,N/A
Crystal Thin Mint GSC #16,N/A,N/A,N/A,N/A,N/A,N/A,N/A,N/A,N/A,N/A,N/A,N/A
White Tahoe Cookies x Headband x Dairy Queen x Pink Kush x Diesel Mandarin Cookies x Dutch Treat #8,N/A,N/A,N/A,N/A,N/A,N/A,N/A,N/A,N/A,N/A,N/A,N/A
Qrazy Train #53 x Malawian Frost,N/A,N/A,N/A,N/A,N/A,N/A,N/A,N/A,N/A,N/A,N/A,N/A
Canadian Express,N/A,N/A,N/A,N/A,N/A,N/A,N/A,N/A,N/A,N/A,N/A,N/A
African Delight,N/A,N/A,N/A,N/A,N/A,N/A,N/A,N/A,N/A,N/A,N/A,N/A
Super Express,N/A,N/A,N/A,N/A,N/A,N/A,N/A,N/A,N/A,N/A,N/A,N/A
Cheese Delight,N/A,N/A,N/A,N/A,N/A,N/A,N/A,N/A,N/A,N/A,N/A,N/A
Platinum Cookies x Kosher Tangie x Voodoo,N/A,N/A,N/A,N/A,N/A,N/A,N/A,N/A,N/A,N/A,N/A,N/A
Ice Sour Lemon Skunk,N/A,N/A,N/A,N/A,N/A,N/A,N/A,N/A,N/A,N/A,N/A,N/A
Mexican Delight #46,N/A,N/A,N/A,N/A,N/A,N/A,N/A,N/A,N/A,N/A,N/A,N/A
Brazilian Pie,N/A,N/A,N/A,N/A,N/A,N/A,N/A,N/A,N/A,N/A,N/A,N/A
J1 Black #68 x Egyptian Diesel,N/A,N/A,N/A,N/A,N/A,N/A,N/A,N/A,N/A,N/A,N/A,N/A
Qrazy Train x Golden Cherry Pie #21,N/A,N/A,N/A,N/A,N/A,N/A,N/A,N/A,N/A,N/A,N/A,N/A
Cuban Express #27,N/A,N/A,N/A,N/A,N/A,N/A,N/A,N/A,N/A,N/A,N/A,N/A
Crystal Kush,N/A,N/A,N/A,N/A,N/A,N/A,N/A,N/A,N/A,N/A,N/A,N/A
Norwegian Mints,N/A,N/A,N/A,N/A,N/A,N/A,N/A,N/A,N/A,N/A,N/A,N/A
Xtreme Kenyan Frost,N/A,N/A,N/A,N/A,N/A,N/A,N/A,N/A,N/A,N/A,N/A,N/A
Frosted Gelato,N/A,N/A,N/A,N/A,N/A,N/A,N/A,N/A,N/A,N/A,N/A,N/A
Fire Express x Dream Kush #4,N/A,N/A,N/A,N/A,N/A,N/A,N/A,N/A,N/A,N/A,N/A,N/A
Fire OG x Bubblegum x Ultra Muffin #53,N/A,N/A,N/A,N/A,N/A,N/A,N/A,N/A,N/A,N/A,N/A,N/A
Silver Fuel,N/A,N/A,N/A,N/A,N/A,N/A,N/A,N/A,N/A,N/A,N/A,N/A
Caribbean Breath,N/A,N/A,N/A,N/A,N/A,N/A,N/A,N/A,N/A,N/A,N/A,N/A
Mystic Cheese #19,N/A,N/A,N/A,N/A,N/A,N/A,N/A,N/A,N/A,N/A,N/A,N/A
Galaxy Bomb,N/A,N/A,N/A,N/A,N/A,N/A,N/A,N/A,N/A,N/A,N/A,N/A
Diesel Gorilla Glue,N/A,N/A,N/A,N/A,N/A,N/A,N/A,N/A,N/A,N/A,N/A,N/A
Super Dream,N/A,N/A,N/A,N/A,N/A,N/A,N/A,N/A,N/A,N/A,N/A,N/A
Mystic Frost,N/A,N/A,N/A,N/A,N/A,N/A,N/A,N/A,N/A,N/A,N/A,N/A
Thunder Kenyan Muffin x Dairy Queen,N/A,N/A,N/A,N/A,N/A,N/A,N/A,N/A,N/A,N/A,N/A,N/A
Skunk Lights,N/A,N/A,N/A,N/A,N/A,N/A,N/A,N/A,N/A,N/A,N/A,N/A
Tropical Dutch Treat,N/A,N/A,N/A,N/A,N/A,N/A,N/A,N/A,N/A,N/A,N/A,N/A
Skunk Diesel x X-files,N/A,N/A,N/A,N/A,N/A,N/A,N/A,N/A,N/A,N/A,N/A,N/A
Colorado Dream,N/A,N/A,N/A,N/A,N/A,N/A,N/A,N/A,N/A,N/A,N/A,N/A
Agent Orange #46 #71,N/A,N/A,N/A,N/A,N/A,N/A,N/A,N/A,N/A,N/A,N/A,N/A
Blackberry Kush x Nova OG #32,N/A,N/A,N/A,N/A,N/A,N/A,N/A,N/A,N/A,N/A,N/A,N/A
Paradise Lights,N/A,N/A,N/A,N/A,N/A,N/A,N/A,N/A,N/A,N/A,N/A,N/A
Neon Mints,N/A,N/A,N/A,N/A,N/A,N/A,N/A,N/A,N/A,N/A,N/A,N/A
Purple Chemdawg #67,N/A,N/A,N/A,N/A,N/A,N/A,N/A,N/A,N/A,N/A,N/A,N/A
Kosher Kush x Indian Glue x Nova OG,N/A,N/A,N/A,N/A,N/A,N/A,N/A,N/A,N/A,N/A,N/A,N/A
Nuken #46 x Ocean Mexican Breath,N/A,N/A,N/A,N/A,N/A,N/A,N/A,N/A,N/A,N/A,N/A,N/A
Wild Violator Kush,N/A,N/A,N/A,N/A,N/A,N/A,N/A,N/A,N/A,N/A,N/A,N/A
Colorado Breath #89,N/A,N/A,N/A,N/A,N/A,N/A,N/A,N/A,N/A,N/A,N/A,N/A
X-files x Diamond Lights #24,N/A,N/A,N/A,N/A,N/A,N/A,N/A,N/A,N/A,N/A,N/A,N/A
Thunder Kenyan Muffin x Dairy Queen #49,N/A,N/A,N/A,N/A,N/A,N/A,N/A,N/A,N/A,N/A,N/A,N/A
Colorado Sherbet x Orange Cheese x Willie Nelson,N/A,N/A,N/A,N/A,N/A,N/A,N/A,N/A,N/A,N/A,N/A,N/A
Japanese Frost,N/A,N/A,N/A,N/A,N/A,N/A,N/A,N/A,N/A,N/A,N/A,N/A
Thunder White Cookies x Neon Mango Dream #20 #2,N/A,N/A,N/A,N/A,N/A,N/A,N/A,N/A,N/A,N/A,N/A,N/A
Fire OG x Alien Dawg,N/A,N/A,N/A,N/A,N/A,N/A,N/A,N/A,N/A,N/A,N/A,N/A
Grapefruit x Violator Kush x Pineapple Express x Hawaiian,N/A,N/A,N/A,N/A,N/A,N/A,N/A,N/A,N/A,N/A,N/A,N/A
Frosted Diesel,N/A,N/A,N/A,N/A,N/A,N/A,N/A,N/A,N/A,N/A,N/A,N/A
White Tahoe Cookies x Unicorn Poop #36,N/A,N/A,N/A,N/A,N/A,N/A,N/A,N/A,N/A,N/A,N/A,N/A
Power Gelato,N/A,N/A,N/A,N/A,N/A,N/A,N/A,N/A,N/A,N/A,N/A,N/A
Super J1 Black #68 x Egyptian Diesel,N/A,N/A,N/A,N/A,N/A,N/A,N/A,N/A,N/A,N/A,N/A,N/A
Ice Snow Cap,N/A,N/A,N/A,N/A,N/A,N/A,N/A,N/A,N/A,N/A,N/A,N/A
Queen's Dream,N/A,N/A,N/A,N/A,N/A,N/A,N/A,N/A,N/A,N/A,N/A,N/A
Diamond Valley OG,N/A,N/A,N/A,N/A,N/A,N/A,N/A,N/A,N/A,N/A,N/A,N/A
Girl Scout Cookies #57,N/A,N/A,N/A,N/A,N/A,N/A,N/A,N/A,N/A,N/A,N/A,N/A
Lebanese Fruit,N/A,N/A,N/A,N/A,N/A,N/A,N/A,N/A,N/A,N/A,N/A,N/A
Colorado Cheese x Super J1 Black #68 x Egyptian Diesel,N/A,N/A,N/A,N/A,N/A,N/A,N/A,N/A,N/A,N/A,N/A,N/A
Ultra Glue,N/A,N/A,N/A,N/A,N/A,N/A,N/A,N/A,N/A,N/A,N/A,N/A
XJ-13 x J1 Black x White Widow,N/A,N/A,N/A,N/A,N/A,N/A,N/A,N/A,N/A,N/A,N/A,N/A
Purple Sweet Banana Spliff #18,N/A,N/A,N/A,N/A,N/A,N/A,N/A,N/A,N/A,N/A,N/A,N/A
Norwegian Haze,N/A,N/A,N/A,N/A,N/A,N/A,N/A,N/A,N/A,N/A,N/A,N/A
Cheese x G-13 Haze,N/A,N/A,N/A,N/A,N/A,N/A,N/A,N/A,N/A,N/A,N/A,N/A
Kenyan Delight,N/A,N/A,N/A,N/A,N/A,N/A,N/A,N/A,N/A,N/A,N/A,N/A
Dutch Widow,N/A,N/A,N/A,N/A,N/A,N/A,N/A,N/A,N/A,N/A,N/A,N/A
Egyptian Lights,N/A,N/A,N/A,N/A,N/A,N/A,N/A,N/A,N/A,N/A,N/A,N/A
German Gelato,N/A,N/A,N/A,N/A,N/A,N/A,N/A,N/A,N/A,N/A,N/A,N/A
Xtreme Gelato,N/A,N/A,N/A,N/A,N/A,N/A,N/A,N/A,N/A,N/A,N/A,N/A
Platinum Pie #89,N/A,N/A,N/A,N/A,N/A,N/A,N/A,N/A,N/A,N/A,N/A,N/A
Golden Crystal Cheese,N/A,N/A,N/A,N/A,N/A,N/A,N/A,N/A,N/A,N/A,N/A,N/A
Paradise Norwegian Lights,N/A,N/A,N/A,N/A,N/A,N/A,N/A,N/A,N/A,N/A,N/A,N/A
Xtreme Cheese,N/A,N/A,N/A,N/A,N/A,N/A,N/A,N/A,N/A,N/A,N/A,N/A
Royal Super Silver Haze x Skunk #1,N/A,N/A,N/A,N/A,N/A,N/A,N/A,N/A,N/A,N/A,N/A,N/A
Skunk Silver Electric Cotton Candy x Qrazy Train x White Runtz,N/A,N/A,N/A,N/A,N/A,N/A,N/A,N/A,N/A,N/A,N/A,N/A
Super Cake,N/A,N/A,N/A,N/A,N/A,N/A,N/A,N/A,N/A,N/A,N/A,N/A
LA Cheese x Ultra Thunder Punch,N/A,N/A,N/A,N/A,N/A,N/A,N/A,N/A,N/A,N/A,N/A,N/A
Indian Cake,N/A,N/A,N/A,N/A,N/A,N/A,N/A,N/A,N/A,N/A,N/A,N/A
Chilean Widow,N/A,N/A,N/A,N/A,N/A,N/A,N/A,N/A,N/A,N/A,N/A,N/A
Nepalese Gelato,N/A,N/A,N/A,N/A,N/A,N/A,N/A,N/A,N/A,N/A,N/A,N/A
Queen's Malawi Gold x Colorado Cheese #22,N/A,N/A,N/A,N/A,N/A,N/A,N/A,N/A,N/A,N/A,N/A,N/A
Candyland #51 #89,N/A,N/A,N/A,N/A,N/A,N/A,N/A,N/A,N/A,N/A,N/A,N/A
Xtreme Punch,N/A,N/A,N/A,N/A,N/A,N/A,N/A,N/A,N/A,N/A,N/A,N/A
Electric Zkittlez,N/A,N/A,N/A,N/A,N/A,N/A,N/A,N/A,N/A,N/A,N/A,N/A
Fire Kandy Kush,N/A,N/A,N/A,N/A,N/A,N/A,N/A,N/A,N/A,N/A,N/A,N/A
Sour Jack Herer,N/A,N/A,N/A,N/A,N/A,N/A,N/A,N/A,N/A,N/A,N/A,N/A
Fire Cheese x White Fire Alien OG x Diesel Zookies #43,N/A,N/A,N/A,N/A,N/A,N/A,N/A,N/A,N/A,N/A,N/A,N/A
Cosmic Alien Cookies #85,N/A,N/A,N/A,N/A,N/A,N/A,N/A,N/A,N/A,N/A,N/A,N/A
Malawi Gold x Thunder Frost x Chem Dog x Ocean Express,N/A,N/A,N/A,N/A,N/A,N/A,N/A,N/A,N/A,N/A,N/A,N/A
Thunder Cheese,N/A,N/A,N/A,N/A,N/A,N/A,N/A,N/A,N/A,N/A,N/A,N/A
Jack Herer x Banana Spliff #18,N/A,N/A,N/A,N/A,N/A,N/A,N/A,N/A,N/A,N/A,N/A,N/A
Greek Cookies #44,N/A,N/A,N/A,N/A,N/A,N/A,N/A,N/A,N/A,N/A,N/A,N/A
French Lights,N/A,N/A,N/A,N/A,N/A,N/A,N/A,N/A,N/A,N/A,N/A,N/A
Honey Express,N/A,N/A,N/A,N/A,N/A,N/A,N/A,N/A,N/A,N/A,N/A,N/A
Diesel Royal Fuel,N/A,N/A,N/A,N/A,N/A,N/A,N/A,N/A,N/A,N/A,N/A,N/A
Crystal Fire Violator Kush x Pineapple Express,N/A,N/A,N/A,N/A,N/A,N/A,N/A,N/A,N/A,N/A,N/A,N/A
Bio Diesel x Neon Fruit #2,N/A,N/A,N/A,N/A,N/A,N/A,N/A,N/A,N/A,N/A,N/A,N/A
Ice Haze,N/A,N/A,N/A,N/A,N/A,N/A,N/A,N/A,N/A,N/A,N/A,N/A
Galaxy Lights,N/A,N/A,N/A,N/A,N/A,N/A,N/A,N/A,N/A,N/A,N/A,N/A
Crystal Cuban Express,N/A,N/A,N/A,N/A,N/A,N/A,N/A,N/A,N/A,N/A,N/A,N/A
Greek Candy,N/A,N/A,N/A,N/A,N/A,N/A,N/A,N/A,N/A,N/A,N/A,N/A
Brazilian Zkittlez x Afghan Kush x Malawi Gold x Thunder Frost x J1 Black,N/A,N/A,N/A,N/A,N/A,N/A,N/A,N/A,N/A,N/A,N/A,N/A
Dream Glue,N/A,N/A,N/A,N/A,N/A,N/A,N/A,N/A,N/A,N/A,N/A,N/A
Diesel Nuken #46 x Ocean Mexican Breath,N/A,N/A,N/A,N/A,N/A,N/A,N/A,N/A,N/A,N/A,N/A,N/A
Ice Dream x Lamb's Bread x Fire Fruit,N/A,N/A,N/A,N/A,N/A,N/A,N/A,N/A,N/A,N/A,N/A,N/A
Obama Kush x Orange Platinum Cookies #41 x Critical Chocolope x Ultra Lights,N/A,N/A,N/A,N/A,N/A,N/A,N/A,N/A,N/A,N/A,N/A,N/A
Diesel Berry #54,N/A,N/A,N/A,N/A,N/A,N/A,N/A,N/A,N/A,N/A,N/A,N/A
Hawaiian Snow x Kenyan Punch,N/A,N/A,N/A,N/A,N/A,N/A,N/A,N/A,N/A,N/A,N/A,N/A
Ice x Power Kush x Electric Lemon Haze #86,N/A,N/A,N/A,N/A,N/A,N/A,N/A,N/A,N/A,N/A,N/A,N/A
Chocolate Diesel #84,N/A,N/A,N/A,N/A,N/A,N/A,N/A,N/A,N/A,N/A,N/A,N/A
Orange Bomb x Headband,N/A,N/A,N/A,N/A,N/A,N/A,N/A,N/A,N/A,N/A,N/A,N/A
Platinum Dream,N/A,N/A,N/A,N/A,N/A,N/A,N/A,N/A,N/A,N/A,N/A,N/A
Dream Kush #4 #93,N/A,N/A,N/A,N/A,N/A,N/A,N/A,N/A,N/A,N/A,N/A,N/A
Critical Mass x Banana Spliff x Nepalese Delight,N/A,N/A,N/A,N/A,N/A,N/A,N/A,N/A,N/A,N/A,N/A,N/A
Mystic Violator Kush x Brazilian Delight,N/A,N/A,N/A,N/A,N/A,N/A,N/A,N/A,N/A,N/A,N/A,N/A
Purple Mandarin Cookies,N/A,N/A,N/A,N/A,N/A,N/A,N/A,N/A,N/A,N/A,N/A,N/A
Honey Super J1 Black #68 x Egyptian Diesel,N/A,N/A,N/A,N/A,N/A,N/A,N/A,N/A,N/A,N/A,N/A,N/A
Crystal Critical Mass #13 x Mexican Cookies,N/A,N/A,N/A,N/A,N/A,N/A,N/A,N/A,N/A,N/A,N/A,N/A
Greek Zkittlez,N/A,N/A,N/A,N/A,N/A,N/A,N/A,N/A,N/A,N/A,N/A,N/A
Indian Express #82,N/A,N/A,N/A,N/A,N/A,N/A,N/A,N/A,N/A,N/A,N/A,N/A
Dairy Queen #1 x Sweet XJ-13,N/A,N/A,N/A,N/A,N/A,N/A,N/A,N/A,N/A,N/A,N/A,N/A
Galaxy Brazilian Zkittlez x Afghan Kush,N/A,N/A,N/A,N/A,N/A,N/A,N/A,N/A,N/A,N/A,N/A,N/A
Super Silver Haze x Xtreme Nigerian OG,N/A,N/A,N/A,N/A,N/A,N/A,N/A,N/A,N/A,N/A,N/A,N/A
Tropical Cookies #55 x Honey Ultra Sour,N/A,N/A,N/A,N/A,N/A,N/A,N/A,N/A,N/A,N/A,N/A,N/A
Colorado Mints,N/A,N/A,N/A,N/A,N/A,N/A,N/A,N/A,N/A,N/A,N/A,N/A
Electric Candy,N/A,N/A,N/A,N/A,N/A,N/A,N/A,N/A,N/A,N/A,N/A,N/A
Chilean Runtz x Animal Cookies,N/A,N/A,N/A,N/A,N/A,N/A,N/A,N/A,N/A,N/A,N/A,N/A
Amsterdam Frost,N/A,N/A,N/A,N/A,N/A,N/A,N/A,N/A,N/A,N/A,N/A,N/A
Zkittlez OG #67,N/A,N/A,N/A,N/A,N/A,N/A,N/A,N/A,N/A,N/A,N/A,N/A
Lemon Y Griega,N/A,N/A,N/A,N/A,N/A,N/A,N/A,N/A,N/A,N/A,N/A,N/A
